{"metadata":{"asset_id":"2510e846-ab2f-4e6f-b2bc-a6c79e2c084f","asset_attributes":["data_asset","location_definition"],"name":"configured-watsonx-assistant-extension-openapi.json","asset_type":"data_asset","created_at":"2024-11-18T03:44:21Z","origin_country":"us","owner_id":"IBMid-6940001RPM","project_id":"c27cd225-b695-4a5f-949a-c799aa3f1d8b","size":7435,"usage":{"last_update_time":1731901461760,"last_updated_at":"2024-11-18T03:44:21Z"}},"entity":{"data_asset":{"mime_type":"application/json","dataset":false},"location_definition":{"physical_location_code":"DAL","physical_location_code_assigned_by":"21963188-c456-4fa1-8a4b-07a1581bfb2c","physical_location_code_rds_id":"c57cb90f-2126-3800-9c9f-9eab82021cdf","physical_location_code_rds_version":"00002023-1204-4213-8354-399665000000_4","physical_location_code_assignment_method":"INFERRED","physical_location_code_added_on":"1712770824931"}},"attachments":[{"id":"fcc40eb8-3ac3-48c0-a16b-12f0c9cc4fd5","version":2,"asset_type":"data_asset","name":"configured-watsonx-assistant-extension-openapi.json","mime":"application/json","datasource_type":"193a97c1-4475-4a19-b90c-295c4fdc6517","object_key":"configured-watsonx-assistant-extension-openapi.json","creator_id":"iam-ServiceId-f49c5558-c247-4983-a04f-7d3c7a3d55da","create_time":1731901461653,"size":7435,"is_remote":false,"is_managed":false,"is_referenced":true,"is_object_key_read_only":true,"is_user_provided_path_key":true,"transfer_complete":true,"is_partitioned":false,"complete_time_ticks":1731901461653,"user_data":{},"test_doc":0,"handle":{"bucket":"ragdocumentsingestionelasticsearc-donotdelete-pr-arwq8vc2thtqiv","location":"us-south","type":"bluemix_cos","key":"configured-watsonx-assistant-extension-openapi.json","upload_id":"done","max_part_num":1},"usage":{"access_count":0,"last_accessor_id":"iam-ServiceId-f49c5558-c247-4983-a04f-7d3c7a3d55da","last_access_time":1731901461653}}]}
