{"metadata":{"asset_id":"a5ae21e0-8930-4785-9076-20892abb8531","asset_attributes":["data_asset","directory_asset","location_definition"],"name":"utils.py","asset_type":"data_asset","created_at":"2024-11-18T03:44:21Z","origin_country":"us","owner_id":"IBMid-6940001RPM","project_id":"c27cd225-b695-4a5f-949a-c799aa3f1d8b","size":21911,"usage":{"last_update_time":1731901461827,"last_updated_at":"2024-11-18T03:44:21Z"}},"entity":{"data_asset":{"mime_type":"text/x-script.python","dataset":false},"directory_asset":{"path":""},"location_definition":{"physical_location_code":"DAL","physical_location_code_assigned_by":"IBMid-664001XCSP","physical_location_code_rds_id":"c57cb90f-2126-3800-9c9f-9eab82021cdf","physical_location_code_rds_version":"00002024-0213-4074-8701-856290000000_4","physical_location_code_assignment_method":"INFERRED","physical_location_code_added_on":"1727723195470"}},"attachments":[{"id":"caafb25a-f278-41f2-bb06-6c76c6d27c3e","version":2,"asset_type":"data_asset","name":"utils.py","mime":"text/x-script.python","datasource_type":"193a97c1-4475-4a19-b90c-295c4fdc6517","object_key":"utils.py","creator_id":"iam-ServiceId-f49c5558-c247-4983-a04f-7d3c7a3d55da","create_time":1731901461701,"size":21911,"is_remote":false,"is_managed":false,"is_referenced":true,"is_object_key_read_only":true,"is_user_provided_path_key":true,"transfer_complete":true,"is_partitioned":false,"complete_time_ticks":1731901461701,"user_data":{},"test_doc":0,"handle":{"bucket":"ragdocumentsingestionelasticsearc-donotdelete-pr-arwq8vc2thtqiv","location":"us-south","type":"bluemix_cos","key":"utils.py","upload_id":"done","max_part_num":1},"usage":{"access_count":0,"last_accessor_id":"iam-ServiceId-f49c5558-c247-4983-a04f-7d3c7a3d55da","last_access_time":1731901461701}}]}
