{"metadata":{"asset_id":"d9a35136-d372-4109-a85a-bad35593ebc4","asset_attributes":["data_asset","location_definition"],"name":"watsonx-assistant-extension-openapi-template.json","asset_type":"data_asset","created_at":"2024-11-18T03:44:21Z","origin_country":"us","owner_id":"IBMid-6940001RPM","project_id":"c27cd225-b695-4a5f-949a-c799aa3f1d8b","size":5438,"usage":{"last_update_time":1731901461872,"last_updated_at":"2024-11-18T03:44:21Z"}},"entity":{"data_asset":{"mime_type":"application/json","dataset":false},"location_definition":{"physical_location_code":"DAL","physical_location_code_assigned_by":"IBMid-662003QWPT","physical_location_code_rds_id":"c57cb90f-2126-3800-9c9f-9eab82021cdf","physical_location_code_rds_version":"00002023-1204-4213-8354-399665000000_4","physical_location_code_assignment_method":"INFERRED","physical_location_code_added_on":"1705946358068"}},"attachments":[{"id":"d0f6318d-0408-4d22-92a0-9b9497d78176","version":2,"asset_type":"data_asset","name":"watsonx-assistant-extension-openapi-template.json","mime":"application/json","datasource_type":"193a97c1-4475-4a19-b90c-295c4fdc6517","object_key":"watsonx-assistant-extension-openapi-template.json","creator_id":"iam-ServiceId-f49c5558-c247-4983-a04f-7d3c7a3d55da","create_time":1731901461770,"size":5438,"is_remote":false,"is_managed":false,"is_referenced":true,"is_object_key_read_only":true,"is_user_provided_path_key":true,"transfer_complete":true,"is_partitioned":false,"complete_time_ticks":1731901461770,"user_data":{},"test_doc":0,"handle":{"bucket":"ragdocumentsingestionelasticsearc-donotdelete-pr-arwq8vc2thtqiv","location":"us-south","type":"bluemix_cos","key":"watsonx-assistant-extension-openapi-template.json","upload_id":"done","max_part_num":1},"usage":{"access_count":0,"last_accessor_id":"iam-ServiceId-f49c5558-c247-4983-a04f-7d3c7a3d55da","last_access_time":1731901461770}}]}
