{"metadata":{"asset_id":"a3622f01-1f7a-4817-b9ff-97a5a205f17c","asset_attributes":["environment"],"name":"Notebook Environment","asset_type":"environment","created_at":"2024-11-18T03:44:21Z","description":"Environment with necessary imports to run notebooks and import utils.py","origin_country":"us","owner_id":"IBMid-6940001RPM","project_id":"c27cd225-b695-4a5f-949a-c799aa3f1d8b","sandbox_id":"c27cd225-b695-4a5f-949a-c799aa3f1d8b","size":0,"tags":["dsx"],"usage":{"last_update_time":1731901462108,"last_updated_at":"2024-11-18T03:44:22Z"}},"entity":{"environment":{"sub_type":"notebook","display_name":"Notebook Environment","hardware_specification":{"type":"referenced","guid":"1dbb224d-6fec-41c1-bd2f-8a3a58f61a32"},"software_specification":{"type":"referenced","guid":"d14b611b-a32d-4daa-ab89-b75be528af08"},"tools_specification":{"supported_kernels":[{"name":"python3","display_name":"Python 3.10","language":"python","version":"3.10"}],"notebook_extensions":[]}}}}
