{"metadata":{"asset_id":"1dbb224d-6fec-41c1-bd2f-8a3a58f61a32","asset_attributes":["hardware_specification"],"name":"file_ingestion_env","asset_type":"hardware_specification","created_at":"2024-11-18T03:44:21Z","description":"","origin_country":"us","owner_id":"IBMid-6940001RPM","project_id":"c27cd225-b695-4a5f-949a-c799aa3f1d8b","sandbox_id":"c27cd225-b695-4a5f-949a-c799aa3f1d8b","size":0,"tags":["dsx"],"usage":{"last_update_time":1731901461301,"last_updated_at":"2024-11-18T03:44:21Z"}},"entity":{"hardware_specification":{"nodes":{"cpu":{"units":"2","model":""},"mem":{"size":"8Gi"}}}}}
