{"metadata":{"asset_id":"d5bcdb2c-8f97-46a1-b9aa-527e94bbea79","asset_attributes":["notebook"],"name":"3-test-rag-deployment","asset_type":"notebook","created_at":"2024-11-18T03:44:22Z","description":"","origin_country":"us","owner_id":"IBMid-6940001RPM","project_id":"c27cd225-b695-4a5f-949a-c799aa3f1d8b","size":3725,"tags":["notebook"],"usage":{"last_update_time":1731901576146,"last_updated_at":"2024-11-18T03:46:16Z"}},"entity":{"notebook":{"kernel":{"name":"python3","display_name":"Python 3.11","language":"python"},"originates_from":{"type":"file"},"runtime":{"environment":"rt241pys4-c27cd225-b695-4a5f-949a-c799aa3f1d8b"}},"location_definition":{"physical_location_code":"DAL","physical_location_code_assigned_by":"IBMid-6940001RPM","physical_location_code_rds_id":"c57cb90f-2126-3800-9c9f-9eab82021cdf","physical_location_code_rds_version":"00002024-0523-4140-8221-710412000000_4","physical_location_code_assignment_method":"INFERRED","physical_location_code_added_on":"1731901450718"}},"attachments":[{"id":"1976ed88-844c-4f3c-bf5a-dcfd31b93514","version":2,"asset_type":"notebook","name":"attachment for notebook d5bcdb2c-8f97-46a1-b9aa-527e94bbea79","description":"attachment for notebook d5bcdb2c-8f97-46a1-b9aa-527e94bbea79","mime":"application/json","datasource_type":"193a97c1-4475-4a19-b90c-295c4fdc6517","object_key":"notebook/3-test-rag-deployment_CccyrQyGE.ipynb","creator_id":"IBMid-6940001RPM","create_time":1731901462988,"size":3725,"is_remote":false,"is_managed":false,"is_referenced":true,"is_object_key_read_only":false,"is_user_provided_path_key":true,"transfer_complete":true,"is_partitioned":false,"complete_time_ticks":1731901462988,"user_data":{},"test_doc":0,"handle":{"bucket":"ragdocumentsingestionelasticsearc-donotdelete-pr-arwq8vc2thtqiv","location":"us-south","type":"bluemix_cos","key":"notebook/3-test-rag-deployment_CccyrQyGE.ipynb","upload_id":"done","max_part_num":1},"usage":{"access_count":0,"last_accessor_id":"IBMid-6940001RPM","last_access_time":1731901462988}}]}
