{"metadata":{"asset_id":"b4b35e73-d2fd-4bc3-9c52-cc7419cb791d","asset_attributes":["notebook"],"name":"1-pdf-ingestion-cos-elasticsearch","asset_type":"notebook","created_at":"2024-11-18T03:44:22Z","description":"","origin_country":"us","owner_id":"IBMid-6940001RPM","project_id":"c27cd225-b695-4a5f-949a-c799aa3f1d8b","size":24665,"tags":["notebook"],"usage":{"last_update_time":1731901465386,"last_updated_at":"2024-11-18T03:44:25Z"}},"entity":{"notebook":{"kernel":"","originates_from":{"type":"file"},"runtime":{"environment":"rt241pys2-c27cd225-b695-4a5f-949a-c799aa3f1d8b"}},"location_definition":{"physical_location_code":"DAL","physical_location_code_assigned_by":"IBMid-6940001RPM","physical_location_code_rds_id":"c57cb90f-2126-3800-9c9f-9eab82021cdf","physical_location_code_rds_version":"00002024-0523-4140-8221-710412000000_4","physical_location_code_assignment_method":"INFERRED","physical_location_code_added_on":"1731901450718"}},"attachments":[{"id":"0c3811e6-3965-4f47-8410-f96f6f3e628b","version":2,"asset_type":"notebook","name":"attachment for notebook b4b35e73-d2fd-4bc3-9c52-cc7419cb791d","description":"attachment for notebook b4b35e73-d2fd-4bc3-9c52-cc7419cb791d","mime":"application/json","datasource_type":"193a97c1-4475-4a19-b90c-295c4fdc6517","object_key":"notebook/1-pdf-ingestion-cos-elasticsearch_fVABpMBsq.ipynb","creator_id":"IBMid-6940001RPM","create_time":1731901463416,"size":24665,"is_remote":false,"is_managed":false,"is_referenced":true,"is_object_key_read_only":false,"is_user_provided_path_key":true,"transfer_complete":true,"is_partitioned":false,"complete_time_ticks":1731901463416,"user_data":{},"test_doc":0,"handle":{"bucket":"ragdocumentsingestionelasticsearc-donotdelete-pr-arwq8vc2thtqiv","location":"us-south","type":"bluemix_cos","key":"notebook/1-pdf-ingestion-cos-elasticsearch_fVABpMBsq.ipynb","upload_id":"done","max_part_num":1},"usage":{"access_count":0,"last_accessor_id":"IBMid-6940001RPM","last_access_time":1731901463416}}]}
