{"metadata":{"asset_id":"50e9b5c1-5222-45c7-b692-11440e5bac73","asset_attributes":["notebook"],"name":"2-deploy-rag-function-in-wml","asset_type":"notebook","created_at":"2024-11-18T03:44:22Z","description":"","origin_country":"us","owner_id":"IBMid-6940001RPM","project_id":"c27cd225-b695-4a5f-949a-c799aa3f1d8b","size":21891,"tags":["notebook"],"usage":{"last_update_time":1731901565650,"last_updated_at":"2024-11-18T03:46:05Z"}},"entity":{"notebook":{"kernel":{"name":"python3","display_name":"Python 3.11","language":"python"},"originates_from":{"type":"file"},"runtime":{"environment":"rt241pys4-c27cd225-b695-4a5f-949a-c799aa3f1d8b"}},"location_definition":{"physical_location_code":"DAL","physical_location_code_assigned_by":"IBMid-6940001RPM","physical_location_code_rds_id":"c57cb90f-2126-3800-9c9f-9eab82021cdf","physical_location_code_rds_version":"00002024-0523-4140-8221-710412000000_4","physical_location_code_assignment_method":"INFERRED","physical_location_code_added_on":"1731901450718"}},"attachments":[{"id":"5e684672-58b5-4d4a-921d-87ccf6cf69c4","version":2,"asset_type":"notebook","name":"attachment for notebook 50e9b5c1-5222-45c7-b692-11440e5bac73","description":"attachment for notebook 50e9b5c1-5222-45c7-b692-11440e5bac73","mime":"application/json","datasource_type":"193a97c1-4475-4a19-b90c-295c4fdc6517","object_key":"notebook/2-deploy-rag-function-in-wml_gTFuDk1h3.ipynb","creator_id":"IBMid-6940001RPM","create_time":1731901463485,"size":21891,"is_remote":false,"is_managed":false,"is_referenced":true,"is_object_key_read_only":false,"is_user_provided_path_key":true,"transfer_complete":true,"is_partitioned":false,"complete_time_ticks":1731901463485,"user_data":{},"test_doc":0,"handle":{"bucket":"ragdocumentsingestionelasticsearc-donotdelete-pr-arwq8vc2thtqiv","location":"us-south","type":"bluemix_cos","key":"notebook/2-deploy-rag-function-in-wml_gTFuDk1h3.ipynb","upload_id":"done","max_part_num":1},"usage":{"access_count":0,"last_accessor_id":"IBMid-6940001RPM","last_access_time":1731901463485}}]}
