{"metadata":{"asset_id":"681ad3af-b7d8-4f69-b466-c5a7013b7ab3","asset_attributes":["package_extension","location_definition"],"name":"Package Extension","asset_type":"package_extension","created_at":"2024-11-18T03:44:19Z","description":"Package Extensions created by environments-ui","origin_country":"us","owner_id":"IBMid-6940001RPM","project_id":"c27cd225-b695-4a5f-949a-c799aa3f1d8b","sandbox_id":"c27cd225-b695-4a5f-949a-c799aa3f1d8b","size":1138,"tags":["dsx"],"usage":{"last_update_time":1731901460641,"last_updated_at":"2024-11-18T03:44:20Z"}},"entity":{"package_extension":{"type":"conda_yml","interpreter":"mamba","object_key":"package_extension/Package_Extension_UU7-Fom4J.yml"},"location_definition":{"physical_location_code":"DAL","physical_location_code_assigned_by":"IBMid-662003QWPT","physical_location_code_rds_id":"c57cb90f-2126-3800-9c9f-9eab82021cdf","physical_location_code_rds_version":"00002023-1204-4213-8354-399665000000_4","physical_location_code_assignment_method":"INFERRED","physical_location_code_added_on":"1704899520770"}},"attachments":[{"id":"fc71f644-f525-44b9-93e8-651d4369f948","version":2,"asset_type":"package_extension","name":"attachment for package extension 3edb3abf-89d8-4706-ab95-e029e594e8eb","description":"attachment for package extension 3edb3abf-89d8-4706-ab95-e029e594e8eb","mime":"application/json","datasource_type":"193a97c1-4475-4a19-b90c-295c4fdc6517","object_key":"package_extension/Package_Extension_UU7-Fom4J.yml","creator_id":"iam-ServiceId-f49c5558-c247-4983-a04f-7d3c7a3d55da","create_time":1731901460546,"size":1138,"is_remote":false,"is_managed":false,"is_referenced":true,"is_object_key_read_only":false,"is_user_provided_path_key":true,"transfer_complete":true,"is_partitioned":false,"complete_time_ticks":1731901460546,"user_data":{},"test_doc":0,"handle":{"bucket":"ragdocumentsingestionelasticsearc-donotdelete-pr-arwq8vc2thtqiv","location":"us-south","type":"bluemix_cos","key":"package_extension/Package_Extension_UU7-Fom4J.yml","upload_id":"done","max_part_num":1},"usage":{"access_count":0,"last_accessor_id":"iam-ServiceId-f49c5558-c247-4983-a04f-7d3c7a3d55da","last_access_time":1731901460546}}]}
