{"metadata":{"asset_id":"d14b611b-a32d-4daa-ab89-b75be528af08","asset_attributes":["software_specification"],"name":"Notebook Environment","asset_type":"software_specification","created_at":"2024-11-18T03:44:21Z","description":"","origin_country":"us","owner_id":"IBMid-6940001RPM","project_id":"c27cd225-b695-4a5f-949a-c799aa3f1d8b","sandbox_id":"c27cd225-b695-4a5f-949a-c799aa3f1d8b","size":0,"tags":["dsx"],"usage":{"last_update_time":1731901461238,"last_updated_at":"2024-11-18T03:44:21Z"}},"entity":{"software_specification":{"type":"derived","display_name":"Notebook Environment","base_software_specification":{"guid":"336b29df-e0e1-5e7d-b6a5-f6ab722625b2","href":"/v2/software_specifications/336b29df-e0e1-5e7d-b6a5-f6ab722625b2"},"package_extensions":[{"guid":"681ad3af-b7d8-4f69-b466-c5a7013b7ab3","href":"/v2/package_extensions/681ad3af-b7d8-4f69-b466-c5a7013b7ab3"}]}}}
