{"metadata":{"asset_id":"c9c0e97b-0b62-4395-a663-e01279df5569","asset_attributes":["data_asset","location_definition"],"name":"configured-watsonx-assistant-extension-openapi.json","asset_type":"data_asset","created_at":"2024-11-15T08:31:09Z","origin_country":"us","owner_id":"IBMid-6940001RPM","project_id":"e1df7c06-5e02-4b5c-9637-ed6c51110d5a","size":7435,"usage":{"last_update_time":1731659470319,"last_updated_at":"2024-11-15T08:31:10Z"}},"entity":{"data_asset":{"mime_type":"application/json","dataset":false},"location_definition":{"physical_location_code":"DAL","physical_location_code_assigned_by":"21963188-c456-4fa1-8a4b-07a1581bfb2c","physical_location_code_rds_id":"c57cb90f-2126-3800-9c9f-9eab82021cdf","physical_location_code_rds_version":"00002023-1204-4213-8354-399665000000_4","physical_location_code_assignment_method":"INFERRED","physical_location_code_added_on":"1712770824931"}},"attachments":[{"id":"277c2f4d-a3c5-49ba-9a53-a244e917d48e","version":2,"asset_type":"data_asset","name":"configured-watsonx-assistant-extension-openapi.json","mime":"application/json","datasource_type":"193a97c1-4475-4a19-b90c-295c4fdc6517","object_key":"configured-watsonx-assistant-extension-openapi.json","creator_id":"iam-ServiceId-f49c5558-c247-4983-a04f-7d3c7a3d55da","create_time":1731659470206,"size":7435,"is_remote":false,"is_managed":false,"is_referenced":true,"is_object_key_read_only":true,"is_user_provided_path_key":true,"transfer_complete":true,"is_partitioned":false,"complete_time_ticks":1731659470206,"user_data":{},"test_doc":0,"handle":{"bucket":"ragwithelasticsearch-donotdelete-pr-urvsejwqsyamqk","location":"us-south","type":"bluemix_cos","key":"configured-watsonx-assistant-extension-openapi.json","upload_id":"done","max_part_num":1},"usage":{"access_count":0,"last_accessor_id":"iam-ServiceId-f49c5558-c247-4983-a04f-7d3c7a3d55da","last_access_time":1731659470206}}]}
