{"metadata":{"asset_id":"7a707da7-1f1d-4e39-99e9-6ad2bc6140ab","asset_attributes":["environment"],"name":"Notebook Environment","asset_type":"environment","created_at":"2024-11-15T08:31:11Z","description":"Environment with necessary imports to run notebooks and import utils.py","origin_country":"us","owner_id":"IBMid-6940001RPM","project_id":"e1df7c06-5e02-4b5c-9637-ed6c51110d5a","sandbox_id":"e1df7c06-5e02-4b5c-9637-ed6c51110d5a","size":0,"tags":["dsx"],"usage":{"last_update_time":1731659471191,"last_updated_at":"2024-11-15T08:31:11Z"}},"entity":{"environment":{"sub_type":"notebook","display_name":"Notebook Environment","hardware_specification":{"type":"referenced","guid":"c0e6b96d-7508-46ed-934d-31e709132014"},"software_specification":{"type":"referenced","guid":"2149db7a-1e3e-40df-b3d0-d468113951c6"},"tools_specification":{"supported_kernels":[{"name":"python3","display_name":"Python 3.10","language":"python","version":"3.10"}],"notebook_extensions":[]}}}}
