{"metadata":{"asset_id":"c0e6b96d-7508-46ed-934d-31e709132014","asset_attributes":["hardware_specification"],"name":"file_ingestion_env","asset_type":"hardware_specification","created_at":"2024-11-15T08:31:09Z","description":"","origin_country":"us","owner_id":"IBMid-6940001RPM","project_id":"e1df7c06-5e02-4b5c-9637-ed6c51110d5a","sandbox_id":"e1df7c06-5e02-4b5c-9637-ed6c51110d5a","size":0,"tags":["dsx"],"usage":{"last_update_time":1731659470055,"last_updated_at":"2024-11-15T08:31:10Z"}},"entity":{"hardware_specification":{"nodes":{"cpu":{"units":"2","model":""},"mem":{"size":"8Gi"}}}}}
