{"metadata":{"asset_id":"20c7a4a6-c1bb-4f3c-9176-9e7a0a6fa69d","asset_attributes":["notebook"],"name":"1-pdf-ingestion-cos-elasticsearch","asset_type":"notebook","created_at":"2024-11-18T03:36:20Z","description":"","origin_country":"us","owner_id":"IBMid-6940001RPM","project_id":"e1df7c06-5e02-4b5c-9637-ed6c51110d5a","size":24665,"tags":["notebook"],"usage":{"last_update_time":1731900981046,"last_updated_at":"2024-11-18T03:36:21Z"}},"entity":{"notebook":{"kernel":"","originates_from":{"type":"file"},"runtime":{"environment":"rt241pys2-e1df7c06-5e02-4b5c-9637-ed6c51110d5a"}},"location_definition":{"physical_location_code":"DAL","physical_location_code_assigned_by":"IBMid-6940001RPM","physical_location_code_rds_id":"c57cb90f-2126-3800-9c9f-9eab82021cdf","physical_location_code_rds_version":"00002024-0523-4140-8221-710412000000_4","physical_location_code_assignment_method":"INFERRED","physical_location_code_added_on":"1731659457651"}},"attachments":[{"id":"331e381c-93cc-4ceb-8b99-5544ead909ae","version":2,"asset_type":"notebook","name":"attachment for notebook 20c7a4a6-c1bb-4f3c-9176-9e7a0a6fa69d","description":"attachment for notebook 20c7a4a6-c1bb-4f3c-9176-9e7a0a6fa69d","mime":"application/json","datasource_type":"193a97c1-4475-4a19-b90c-295c4fdc6517","object_key":"notebook/1-pdf-ingestion-cos-elasticsearch_fVABpMBsq.ipynb","creator_id":"IBMid-6940001RPM","create_time":1731900981046,"size":24665,"is_remote":false,"is_managed":false,"is_referenced":true,"is_object_key_read_only":false,"is_user_provided_path_key":true,"transfer_complete":true,"is_partitioned":false,"complete_time_ticks":1731900981046,"user_data":{},"test_doc":0,"handle":{"bucket":"ragwithelasticsearch-donotdelete-pr-urvsejwqsyamqk","location":"us-south","type":"bluemix_cos","key":"notebook/1-pdf-ingestion-cos-elasticsearch_fVABpMBsq.ipynb","upload_id":"done","max_part_num":1},"usage":{"access_count":0,"last_accessor_id":"IBMid-6940001RPM","last_access_time":1731900981046}}]}
