{"metadata":{"asset_id":"bf3cb1dc-b9fd-4273-a99d-c66469b93f7f","asset_attributes":["notebook"],"name":"2-deploy-rag-function-in-wml","asset_type":"notebook","created_at":"2024-11-15T08:31:11Z","description":"","origin_country":"us","owner_id":"IBMid-6940001RPM","project_id":"e1df7c06-5e02-4b5c-9637-ed6c51110d5a","size":21891,"tags":["notebook"],"usage":{"last_update_time":1731659473743,"last_updated_at":"2024-11-15T08:31:13Z"}},"entity":{"notebook":{"kernel":{"name":"python3","display_name":"Python 3.10","language":"python"},"originates_from":{"type":"file"},"runtime":{"environment":"7a707da7-1f1d-4e39-99e9-6ad2bc6140ab"}},"location_definition":{"physical_location_code":"DAL","physical_location_code_assigned_by":"IBMid-6940001RPM","physical_location_code_rds_id":"c57cb90f-2126-3800-9c9f-9eab82021cdf","physical_location_code_rds_version":"00002024-0523-4140-8221-710412000000_4","physical_location_code_assignment_method":"INFERRED","physical_location_code_added_on":"1731659457651"}},"attachments":[{"id":"81ee0b8b-c867-4bd6-a5f7-6a2f9f187456","version":2,"asset_type":"notebook","name":"attachment for notebook bf3cb1dc-b9fd-4273-a99d-c66469b93f7f","description":"attachment for notebook bf3cb1dc-b9fd-4273-a99d-c66469b93f7f","mime":"application/json","datasource_type":"193a97c1-4475-4a19-b90c-295c4fdc6517","object_key":"notebook/2-deploy-rag-function-in-wml_gTFuDk1h3.ipynb","creator_id":"IBMid-6940001RPM","create_time":1731659472263,"size":21891,"is_remote":false,"is_managed":false,"is_referenced":true,"is_object_key_read_only":false,"is_user_provided_path_key":true,"transfer_complete":true,"is_partitioned":false,"complete_time_ticks":1731659472263,"user_data":{},"test_doc":0,"handle":{"bucket":"ragwithelasticsearch-donotdelete-pr-urvsejwqsyamqk","location":"us-south","type":"bluemix_cos","key":"notebook/2-deploy-rag-function-in-wml_gTFuDk1h3.ipynb","upload_id":"done","max_part_num":1},"usage":{"access_count":0,"last_accessor_id":"IBMid-6940001RPM","last_access_time":1731659472263}}]}
