{"metadata":{"asset_id":"f5baa06b-e3b8-44da-aad9-67d5a4e0f84a","asset_attributes":["package_extension","location_definition"],"name":"Package Extension","asset_type":"package_extension","created_at":"2024-11-15T08:31:07Z","description":"Package Extensions created by environments-ui","origin_country":"us","owner_id":"IBMid-6940001RPM","project_id":"e1df7c06-5e02-4b5c-9637-ed6c51110d5a","sandbox_id":"e1df7c06-5e02-4b5c-9637-ed6c51110d5a","size":1138,"tags":["dsx"],"usage":{"last_update_time":1731659468034,"last_updated_at":"2024-11-15T08:31:08Z"}},"entity":{"package_extension":{"type":"conda_yml","interpreter":"mamba","object_key":"package_extension/Package_Extension_UU7-Fom4J.yml"},"location_definition":{"physical_location_code":"DAL","physical_location_code_assigned_by":"IBMid-662003QWPT","physical_location_code_rds_id":"c57cb90f-2126-3800-9c9f-9eab82021cdf","physical_location_code_rds_version":"00002023-1204-4213-8354-399665000000_4","physical_location_code_assignment_method":"INFERRED","physical_location_code_added_on":"1704899520770"}},"attachments":[{"id":"d22dddfd-97dd-4a8c-a452-16fa5ffd91be","version":2,"asset_type":"package_extension","name":"attachment for package extension 3edb3abf-89d8-4706-ab95-e029e594e8eb","description":"attachment for package extension 3edb3abf-89d8-4706-ab95-e029e594e8eb","mime":"application/json","datasource_type":"193a97c1-4475-4a19-b90c-295c4fdc6517","object_key":"package_extension/Package_Extension_UU7-Fom4J.yml","creator_id":"iam-ServiceId-f49c5558-c247-4983-a04f-7d3c7a3d55da","create_time":1731659467933,"size":1138,"is_remote":false,"is_managed":false,"is_referenced":true,"is_object_key_read_only":false,"is_user_provided_path_key":true,"transfer_complete":true,"is_partitioned":false,"complete_time_ticks":1731659467933,"user_data":{},"test_doc":0,"handle":{"bucket":"ragwithelasticsearch-donotdelete-pr-urvsejwqsyamqk","location":"us-south","type":"bluemix_cos","key":"package_extension/Package_Extension_UU7-Fom4J.yml","upload_id":"done","max_part_num":1},"usage":{"access_count":0,"last_accessor_id":"iam-ServiceId-f49c5558-c247-4983-a04f-7d3c7a3d55da","last_access_time":1731659467933}}]}
