{"metadata":{"asset_id":"2149db7a-1e3e-40df-b3d0-d468113951c6","asset_attributes":["software_specification"],"name":"Notebook Environment","asset_type":"software_specification","created_at":"2024-11-15T08:31:09Z","description":"","origin_country":"us","owner_id":"IBMid-6940001RPM","project_id":"e1df7c06-5e02-4b5c-9637-ed6c51110d5a","sandbox_id":"e1df7c06-5e02-4b5c-9637-ed6c51110d5a","size":0,"tags":["dsx"],"usage":{"last_update_time":1731659470043,"last_updated_at":"2024-11-15T08:31:10Z"}},"entity":{"software_specification":{"type":"derived","display_name":"Notebook Environment","base_software_specification":{"guid":"336b29df-e0e1-5e7d-b6a5-f6ab722625b2","href":"/v2/software_specifications/336b29df-e0e1-5e7d-b6a5-f6ab722625b2"},"package_extensions":[{"guid":"f5baa06b-e3b8-44da-aad9-67d5a4e0f84a","href":"/v2/package_extensions/f5baa06b-e3b8-44da-aad9-67d5a4e0f84a"}]}}}
