{"metadata":{"name":"Mixtral-RAG-Template","description":"","asset_type":"wx_prompt","origin_country":"us","resource_key":"59178f4cd92f300056d1cbcf7a99a393925b0488fe96a8bd71f2201bd7952f4f"},"entity":{"wx_prompt":{"input_mode":"freeform","is_template":true,"prompt_variables":{"query_str":{"default_value":"user query"},"context_str":{"default_value":"retrieved documents from vector database"}},"governance_tracked":false},"location_definition":{"physical_location_code":"DAL","physical_location_code_assigned_by":"IBMid-662003QWPT","physical_location_code_rds_id":"c57cb90f-2126-3800-9c9f-9eab82021cdf","physical_location_code_rds_version":"00002023-1204-4213-8354-399665000000_4","physical_location_code_assignment_method":"INFERRED","physical_location_code_added_on":"1708553635716"},"modelfacts_system":{"model_information":{"fm_id":"mistralai/mixtral-8x7b-instruct-v01"},"training_information":{},"project_details":{"environment_type":"development","is_environmenttype_openscale_value":false},"model_identity_information":{"model_identity_key":"59178f4cd92f300056d1cbcf7a99a393925b0488fe96a8bd71f2201bd7952f4f"},"deployment_details":[],"modelentry_information":{},"display_usecase_warning":true},"modelfacts_user":{}},"attachments":[{"id":"3357938f-403c-4d9c-99b7-e38ecc3eb03d","version":2,"asset_type":"wx_prompt","name":"Mixtral-RAG-Template.json","mime":"application/json","datasource_type":"193a97c1-4475-4a19-b90c-295c4fdc6517","object_key":"wx_prompt/Mixtral-RAG-Template__da__7dv2aykidi.json","creator_id":"iam-ServiceId-f49c5558-c247-4983-a04f-7d3c7a3d55da","create_time":1731659471973,"size":1411,"is_remote":false,"is_managed":false,"is_referenced":true,"is_object_key_read_only":false,"is_user_provided_path_key":true,"transfer_complete":true,"is_partitioned":false,"complete_time_ticks":1731659471973,"user_data":{},"test_doc":0,"handle":{"bucket":"ragwithelasticsearch-donotdelete-pr-urvsejwqsyamqk","location":"us-south","type":"bluemix_cos","key":"wx_prompt/Mixtral-RAG-Template__da__7dv2aykidi.json","upload_id":"done","max_part_num":1},"usage":{"access_count":0,"last_accessor_id":"iam-ServiceId-f49c5558-c247-4983-a04f-7d3c7a3d55da","last_access_time":1731659471973}}]}
