{"model_id":"mistralai/mixtral-8x7b-instruct-v01","model_parameters":{"decoding_method":"greedy","max_new_tokens":500,"min_new_tokens":0,"random_seed":null,"stop_sequences":[],"temperature":0.7,"top_k":50,"top_p":1,"repetition_penalty":1},"data":{},"input":[["<s> [INST] You are a helpful, respectful, and honest assistant. Always answer as helpfully as possible, while being safe. Be brief in your answers. Your answers should not include any harmful, unethical, racist, sexist, toxic, dangerous, or illegal content. Please ensure that your responses are socially unbiased and positive in nature.\\nIf a question does not make any sense, or is not factually coherent, explain why instead of answering something not correct. If you don\\\\'\\''t know the answer to a question, please do not share false information. <</SYS>>\\nGenerate the next agent response by answering the question. You are provided several documents with titles. If the answer comes from different documents please mention all possibilities and use the tiles of documents to separate between topics or domains. Answer with no more than 150 words. If you cannot base your answer on the given document, please state that you do not have an answer.\\n{context_str}<</SYS>>\\n\\n{query_str} Answer with no more than 150 words. If you cannot base your answer on the given document, please state that you do not have an answer. [/INST] \n",""]]}