{"metadata":{"asset_id":"c4b9554b-c46e-4b3f-b205-467f7c261ae5","asset_type":"connection","asset_category":"USER","create_time":"2024-11-18T08:52:48.000Z","creator_id":"IBMid-6940001RPM","project_id":"fefb74f6-69de-4d31-aca0-618c44e19a6a","resource_key":"https|443|","usage":{"last_access_time":"2024-11-18T08:52:48.470Z","last_accessor_id":"iam-ServiceId-f49c5558-c247-4983-a04f-7d3c7a3d55da","access_count":0}},"entity":{"datasource_type":"200d71ab-24a5-4b3d-85a4-a365bdd0d4cb","data_source_definition_searchable":"your-hostname.databases.appdomain.cloud","name":"WatsonxDiscovery","origin_country":"us","owner_id":"IBMid-6940001RPM","rov":{"mode":0,"member_roles":{"IBMid-6940001RPM":{"user_iam_id":"IBMid-6940001RPM","roles":["OWNER"]}}},"properties":{"ssl_certificate":"your_certificate_here","password":"PASSWORD","url":"https://your-hostname.databases.appdomain.cloud:PORT","use_anonymous_access":"false","username":"USERNAME"},"interaction_properties":{"source":[{"name":"_java._heap_size","type":"integer","label":"Heap size","description":"Specify the maximum Java Virtual Machine heap size in megabytes.","descriptionHasLink":false,"required":false,"masked":false,"hidden":false,"readonly":false,"uiOnly":false,"multiline":false,"multichoice":false,"default_value":"256","displayGroup":"other","displayOrdinal":2147483647,"supported_products":["datastage_scapi"],"user_defined":false,"user_defined_for_external":false},{"name":"byte_limit","type":"string","label":"Byte limit","description":"The maximum number of bytes to return. Use any of following suffixes to change the unit: KB, MB, GB, or TB. A value of 0 returns all data.","placeholder":"100MB","descriptionHasLink":false,"required":false,"masked":false,"hidden":false,"readonly":false,"uiOnly":false,"multiline":false,"multichoice":false,"displayGroup":"limitsSource","displayOrdinal":20,"user_defined":false,"user_defined_for_external":false},{"name":"default_max_string_binary_precision","type":"integer","label":"Default maximum length for columns","description":"Default maximum length for columns. This property can be set/is applicable only when runtime column propagation is used","descriptionHasLink":false,"required":false,"masked":false,"hidden":false,"readonly":false,"uiOnly":false,"multiline":false,"multichoice":false,"default_value":"20000","displayGroup":"generalSource","displayOrdinal":2000,"supported_products":["datastage_scapi"],"user_defined":false,"user_defined_for_external":false},{"name":"file_name","type":"string","label":"File name","description":"The name of the file to read","descriptionHasLink":false,"required":true,"masked":false,"hidden":false,"readonly":false,"uiOnly":false,"multiline":false,"multichoice":false,"tags":["file"],"group":"general","displayGroup":"generalSource","displayOrdinal":100,"user_defined":false,"user_defined_for_external":false},{"name":"generate_unicode_columns","type":"boolean","label":"Generate unicode type columns","description":"Generate unicode type columns. This property can be set/is applicable only when runtime column propagation is used","descriptionHasLink":false,"required":false,"masked":false,"hidden":false,"readonly":false,"uiOnly":false,"multiline":false,"multichoice":false,"default_value":"false","displayGroup":"generalSource","displayOrdinal":0,"supported_products":["datastage_scapi"],"user_defined":false,"user_defined_for_external":false},{"name":"infer_as_varchar","type":"boolean","label":"Infer as VARCHAR","description":"Treat the data in all columns as VARCHARs","descriptionHasLink":false,"required":false,"masked":false,"hidden":false,"readonly":false,"uiOnly":false,"multiline":false,"multichoice":false,"default_value":"false","group":"general","displayGroup":"fileFormat","displayOrdinal":60,"supported_products":["catalog","cpd","datarefinery","dph","ml","studio"],"user_defined":false,"user_defined_for_external":false},{"name":"infer_record_count","type":"integer","label":"Infer record count","description":"The number of records to process to obtain the structure of the data","descriptionHasLink":false,"required":false,"masked":false,"hidden":false,"readonly":false,"uiOnly":false,"multiline":false,"multichoice":false,"default_value":"1000","group":"general","displayGroup":"fileFormat","displayOrdinal":50,"user_defined":false,"user_defined_for_external":false},{"name":"infer_schema","type":"boolean","label":"Infer schema","description":"Obtain the schema from the file","descriptionHasLink":false,"required":false,"masked":false,"hidden":false,"readonly":false,"uiOnly":false,"multiline":false,"multichoice":false,"default_value":"false","group":"general","displayGroup":"fileFormat","displayOrdinal":40,"supported_products":["catalog","cpd","datarefinery","dph","ml","studio"],"user_defined":false,"user_defined_for_external":false},{"name":"push_filters","type":"string","label":"Push filters","description":"Filters as Spark SQL to be pushed to the data source","descriptionHasLink":false,"required":false,"masked":false,"hidden":true,"readonly":false,"uiOnly":false,"multiline":false,"multichoice":false,"displayGroup":"other","displayOrdinal":2147483647,"user_defined":false,"user_defined_for_external":false},{"name":"pushed_filters","type":"string","label":"Pushed filters","description":"Inferred property that returns filters as Spark SQL that were pushed to the data source","descriptionHasLink":false,"required":false,"masked":false,"hidden":true,"readonly":false,"uiOnly":false,"multiline":false,"multichoice":false,"displayGroup":"other","displayOrdinal":2147483647,"user_defined":false,"user_defined_for_external":false},{"name":"query_body","type":"string","label":"Search query body","description":"JSON containing the body of a search request","descriptionHasLink":false,"required":false,"masked":false,"hidden":false,"readonly":false,"uiOnly":false,"multiline":false,"multichoice":false,"displayGroup":"generalSource","displayOrdinal":110,"user_defined":false,"user_defined_for_external":false},{"name":"query_string","type":"string","label":"Search query string","description":"Search query in the Lucene query string syntax","descriptionHasLink":false,"required":false,"masked":false,"hidden":false,"readonly":false,"uiOnly":false,"multiline":false,"multichoice":false,"displayGroup":"generalSource","displayOrdinal":120,"user_defined":false,"user_defined_for_external":false},{"name":"read_mode","type":"enum","label":"Read mode","description":"The method for reading files","descriptionHasLink":false,"required":false,"masked":false,"hidden":false,"readonly":false,"uiOnly":false,"multiline":false,"multichoice":false,"default_value":"read_single","values":[{"value":"read_single","label":"Read a single file"},{"value":"read_raw","label":"Read binary data"},{"value":"read_raw_multiple_wildcard","label":"Read binary data from multiple files using wildcards"},{"value":"read_multiple_regex","label":"Read multiple files using regex expression"},{"value":"read_multiple_wildcard","label":"Read multiple files using wildcards"}],"group":"general","displayGroup":"generalSource","displayOrdinal":80,"user_defined":false,"user_defined_for_external":false},{"name":"rejected_filters","type":"string","label":"Rejected filters","description":"Inferred property that returns filters as Spark SQL that could not be pushed to the data source and still need to be evaluated","descriptionHasLink":false,"required":false,"masked":false,"hidden":true,"readonly":false,"uiOnly":false,"multiline":false,"multichoice":false,"displayGroup":"other","displayOrdinal":2147483647,"user_defined":false,"user_defined_for_external":false},{"name":"row_limit","type":"integer","label":"Row limit","description":"The maximum number of rows to return","placeholder":"1000","descriptionHasLink":false,"required":false,"masked":false,"hidden":false,"readonly":false,"uiOnly":false,"multiline":false,"multichoice":false,"displayGroup":"limitsSource","displayOrdinal":10,"user_defined":false,"user_defined_for_external":false},{"name":"row_start","type":"integer","label":"Row start","description":"Indicates the offset from the row where reading starts to treat as the start of the data","descriptionHasLink":false,"required":false,"masked":false,"hidden":false,"readonly":false,"uiOnly":false,"multiline":false,"multichoice":false,"displayGroup":"limitsSource","displayOrdinal":15,"user_defined":false,"user_defined_for_external":false}],"target":[{"name":"_java._heap_size","type":"integer","label":"Heap size","description":"Specify the maximum Java Virtual Machine heap size in megabytes.","descriptionHasLink":false,"required":false,"masked":false,"hidden":false,"readonly":false,"uiOnly":false,"multiline":false,"multichoice":false,"default_value":"256","displayGroup":"other","displayOrdinal":2147483647,"supported_products":["datastage_scapi"],"user_defined":false,"user_defined_for_external":false},{"name":"create_index_body","type":"string","label":"Create index body","description":"JSON containing the body of a create index request","descriptionHasLink":false,"required":false,"masked":false,"hidden":false,"readonly":false,"uiOnly":false,"multiline":false,"multichoice":false,"displayGroup":"generalTarget","displayOrdinal":50,"user_defined":false,"user_defined_for_external":false},{"name":"document_type","type":"string","label":"Document type","description":"The type of the document","descriptionHasLink":false,"required":false,"masked":false,"hidden":false,"readonly":false,"uiOnly":false,"multiline":false,"multichoice":false,"displayGroup":"generalTarget","displayOrdinal":60,"user_defined":false,"user_defined_for_external":false},{"name":"file_action","type":"enum","label":"File action","description":"The action to take on the target file to handle the new data set","descriptionHasLink":false,"required":false,"masked":false,"hidden":false,"readonly":false,"uiOnly":false,"multiline":false,"multichoice":false,"default_value":"append","values":[{"value":"append","label":"Append"},{"value":"replace","label":"Replace"},{"value":"truncate","label":"Truncate"}],"displayGroup":"generalTarget","displayOrdinal":40,"user_defined":false,"user_defined_for_external":false},{"name":"file_name","type":"string","label":"File name","description":"The name of the file to write to or delete","descriptionHasLink":false,"required":true,"masked":false,"hidden":false,"readonly":false,"uiOnly":false,"multiline":false,"multichoice":false,"tags":["file"],"group":"general","displayGroup":"generalTarget","displayOrdinal":85,"user_defined":false,"user_defined_for_external":false},{"name":"write_mode","type":"enum","label":"Write mode","description":"Whether to write to, or delete, the target","descriptionHasLink":false,"required":false,"masked":false,"hidden":false,"readonly":false,"uiOnly":false,"multiline":false,"multichoice":false,"default_value":"write","values":[{"value":"delete","label":"Delete","supported_products":["catalog","cpd","datastage","datastage_scapi","dph","ml","studio"]},{"value":"write","label":"Write"},{"value":"write_raw","label":"Write binary data","supported_products":["catalog","cpd","datastage","datastage_scapi","dph","ml","studio"]}],"group":"general","displayGroup":"generalTarget","displayOrdinal":1,"user_defined":false,"user_defined_for_external":false}]}}}
