{"metadata":{"asset_id":"1b244a81-a285-439f-8546-13be769814b0","asset_type":"connection","asset_category":"USER","create_time":"2024-11-18T08:52:48.000Z","creator_id":"IBMid-6940001RPM","project_id":"fefb74f6-69de-4d31-aca0-618c44e19a6a","resource_key":"0000:0000:0000:0000:0000:FFFF:0A01:8161|443|databases-for-elasticsearch-integration","usage":{"last_access_time":"2024-11-18T08:52:48.461Z","last_accessor_id":"iam-ServiceId-f49c5558-c247-4983-a04f-7d3c7a3d55da","access_count":0}},"entity":{"datasource_type":"193a97c1-4475-4a19-b90c-295c4fdc6517","data_source_definition_searchable":"s3.private.us-south.cloud-object-storage.appdomain.cloud|443|databases-for-elasticsearch-integration","name":"CloudObjectStorage","origin_country":"us","owner_id":"IBMid-6940001RPM","rov":{"mode":0,"member_roles":{"IBMid-6940001RPM":{"user_iam_id":"IBMid-6940001RPM","roles":["OWNER"]}}},"properties":{"bucket":"databases-for-elasticsearch-integration","trust_all_ssl_cert":"false","auth_method":"credentials","iam_url":"https://iam.cloud.ibm.com/identity/token","credentials":"copy-paste your service credentials JSON here","url":"s3.private.us-south.cloud-object-storage.appdomain.cloud"},"interaction_properties":{"source":[{"name":"_java._heap_size","type":"integer","label":"Heap size","description":"Specify the maximum Java Virtual Machine heap size in megabytes.","descriptionHasLink":false,"required":false,"masked":false,"hidden":false,"readonly":false,"uiOnly":false,"multiline":false,"multichoice":false,"default_value":"256","displayGroup":"other","displayOrdinal":2147483647,"supported_products":["datastage_scapi"],"user_defined":false,"user_defined_for_external":false},{"name":"bucket","type":"string","label":"Bucket","description":"The name of the bucket that contains the files to read","descriptionHasLink":false,"required":false,"masked":false,"hidden":false,"readonly":false,"uiOnly":false,"multiline":false,"multichoice":false,"tags":["container"],"group":"os","displayGroup":"generalSource","displayOrdinal":90,"user_defined":false,"user_defined_for_external":false},{"name":"byte_limit","type":"string","label":"Byte limit","description":"The maximum number of bytes to return. Use any of following suffixes to change the unit: KB, MB, GB, or TB. A value of 0 returns all data.","placeholder":"100MB","descriptionHasLink":false,"required":false,"masked":false,"hidden":false,"readonly":false,"uiOnly":false,"multiline":false,"multichoice":false,"displayGroup":"limitsSource","displayOrdinal":20,"user_defined":false,"user_defined_for_external":false},{"name":"date_format","type":"string","label":"Date format","description":"The format of date values, for example, yyyy-[M]M-[d]d","placeholder":"yyyy-MM-dd","descriptionHasLink":false,"required":false,"masked":false,"hidden":false,"readonly":false,"uiOnly":false,"multiline":false,"multichoice":false,"group":"delimited","displayGroup":"dataFormats","displayOrdinal":410,"user_defined":false,"user_defined_for_external":false},{"name":"decimal_format","type":"string","label":"Decimal format","description":"The format of decimal values, for example, #,###.##","placeholder":"#,###.##","descriptionHasLink":false,"required":false,"masked":false,"hidden":false,"readonly":false,"uiOnly":false,"multiline":false,"multichoice":false,"group":"delimited","displayGroup":"dataFormats","displayOrdinal":380,"user_defined":false,"user_defined_for_external":false},{"name":"decimal_format_decimal_separator","type":"string","label":"Decimal separator","description":"The character used to separate the integer part from the fractional part of a number. This property and decimal grouping separator property must be unique. If you encounter error related to them not being unique when only one of them was provided then please provide the missing one explicitly.","placeholder":".","descriptionHasLink":false,"required":false,"masked":false,"hidden":false,"readonly":false,"uiOnly":false,"multiline":false,"multichoice":false,"group":"delimited","displayGroup":"dataFormats","displayOrdinal":390,"user_defined":false,"user_defined_for_external":false},{"name":"decimal_format_grouping_separator","type":"string","label":"Decimal grouping separator","description":"The character used to group digits of similar significance. This property and decimal separator property must be unique. If you encounter error related to them not being unique when only one of them was provided then please provide the missing one explicitly.","placeholder":",","descriptionHasLink":false,"required":false,"masked":false,"hidden":false,"readonly":false,"uiOnly":false,"multiline":false,"multichoice":false,"group":"delimited","displayGroup":"dataFormats","displayOrdinal":400,"user_defined":false,"user_defined_for_external":false},{"name":"decimal_rounding_mode","type":"enum","label":"Decimal Rounding Mode","description":"Different rounding modes for values in columns of decimal and numeric data types","descriptionHasLink":false,"required":false,"masked":false,"hidden":false,"readonly":false,"uiOnly":false,"multiline":false,"multichoice":false,"default_value":"floor","values":[{"value":"ceiling","label":"Ceiling"},{"value":"down","label":"Down"},{"value":"floor","label":"Floor"},{"value":"halfdown","label":"Half Down"},{"value":"halfeven","label":"Half Even"},{"value":"halfup","label":"Half Up"},{"value":"up","label":"Up"}],"group":"delimited","displayGroup":"fileFormat","displayOrdinal":130,"user_defined":false,"user_defined_for_external":false},{"name":"default_max_string_binary_precision","type":"integer","label":"Default maximum length for columns","description":"Default maximum length for columns. This property can be set/is applicable only when runtime column propagation is used","descriptionHasLink":false,"required":false,"masked":false,"hidden":false,"readonly":false,"uiOnly":false,"multiline":false,"multichoice":false,"default_value":"20000","displayGroup":"generalSource","displayOrdinal":2000,"supported_products":["datastage_scapi"],"user_defined":false,"user_defined_for_external":false},{"name":"display_value_labels","type":"boolean","label":"Display value labels","description":"Display the value labels","descriptionHasLink":false,"required":false,"masked":false,"hidden":false,"readonly":false,"uiOnly":false,"multiline":false,"multichoice":false,"group":"sav","displayGroup":"fileFormat","displayOrdinal":610,"user_defined":false,"user_defined_for_external":false},{"name":"encoding","type":"string","label":"Encoding","description":"The appropriate character encoding for your data, for example, UTF-8","descriptionHasLink":false,"required":false,"masked":false,"hidden":false,"readonly":false,"uiOnly":false,"multiline":false,"multichoice":false,"default_value":"utf-8","group":"delimited","displayGroup":"fileFormat","displayOrdinal":32,"user_defined":false,"user_defined_for_external":false},{"name":"encryption_key","type":"string","label":"Encryption key","description":"Key to decrypt sav file","descriptionHasLink":false,"required":false,"masked":true,"hidden":false,"readonly":false,"uiOnly":false,"multiline":false,"multichoice":false,"group":"sav","displayGroup":"fileFormat","displayOrdinal":600,"user_defined":false,"user_defined_for_external":false},{"name":"escape_character","type":"enum","label":"Escape character","description":"The character that's used to escape other characters, for example, a backslash. Escaping is a string technique that identifies characters as being part of a string value.","descriptionHasLink":false,"required":false,"masked":false,"hidden":false,"readonly":false,"uiOnly":false,"multiline":false,"multichoice":false,"default_value":"none","values":[{"value":"<?>","label":"Any character"},{"value":"backslash","label":"Backslash"},{"value":"double_quote","label":"Double quotation mark"},{"value":"none","label":"None"},{"value":"single_quote","label":"Single quotation mark"}],"group":"delimited","displayGroup":"fileFormat","displayOrdinal":360,"user_defined":false,"user_defined_for_external":false},{"name":"escape_character_value","type":"string","label":"Escape character value","description":"The custom character that is used to escape other characters.","descriptionHasLink":false,"required":true,"masked":false,"hidden":false,"readonly":false,"uiOnly":false,"multiline":false,"multichoice":false,"group":"delimited","displayGroup":"fileFormat","displayOrdinal":365,"user_defined":false,"user_defined_for_external":false},{"name":"exclude_missing_values","type":"boolean","label":"Exclude missing values","description":"Set values that have been defined as missing values to null","descriptionHasLink":false,"required":false,"masked":false,"hidden":false,"readonly":false,"uiOnly":false,"multiline":false,"multichoice":false,"group":"sav","displayGroup":"fileFormat","displayOrdinal":620,"user_defined":false,"user_defined_for_external":false},{"name":"field_delimiter","type":"enum","label":"Field delimiter","description":"The character that separates each value from the next value, for example, a comma","descriptionHasLink":false,"required":false,"masked":false,"hidden":false,"readonly":false,"uiOnly":false,"multiline":false,"multichoice":false,"default_value":"comma","values":[{"value":"<?>","label":"Any character"},{"value":"colon","label":"Colon"},{"value":"comma","label":"Comma"},{"value":"tab","label":"Tab"}],"group":"delimited","displayGroup":"fileFormat","displayOrdinal":320,"user_defined":false,"user_defined_for_external":false},{"name":"field_delimiter_value","type":"string","label":"Field delimiter value","description":"The custom character that separates each value from the next value","descriptionHasLink":false,"required":true,"masked":false,"hidden":false,"readonly":false,"uiOnly":false,"multiline":false,"multichoice":false,"group":"delimited","displayGroup":"fileFormat","displayOrdinal":325,"user_defined":false,"user_defined_for_external":false},{"name":"file_format","type":"enum","label":"File format","description":"The format of the file","descriptionHasLink":false,"required":false,"masked":false,"hidden":false,"readonly":false,"uiOnly":false,"multiline":false,"multichoice":false,"default_value":"csv","values":[{"value":"avro","label":"Avro"},{"value":"csv","label":"CSV"},{"value":"delimited","label":"Delimited"},{"value":"excel","label":"Excel"},{"value":"json","label":"JSON"},{"value":"orc","label":"ORC"},{"value":"parquet","label":"Parquet"},{"value":"sas","label":"SAS"},{"value":"sav","label":"SAV"},{"value":"shp","label":"SHP"},{"value":"xml","label":"XML"}],"group":"general","displayGroup":"fileFormat","displayOrdinal":30,"user_defined":false,"user_defined_for_external":false},{"name":"file_name","type":"string","label":"File name","description":"The name of the file to read","descriptionHasLink":false,"required":false,"masked":false,"hidden":false,"readonly":false,"uiOnly":false,"multiline":false,"multichoice":false,"tags":["file"],"group":"general","displayGroup":"generalSource","displayOrdinal":100,"user_defined":false,"user_defined_for_external":false},{"name":"first_line","type":"integer","label":"First line","description":"Indicates at which row start reading","descriptionHasLink":false,"required":false,"masked":false,"hidden":false,"readonly":false,"uiOnly":false,"multiline":false,"multichoice":false,"default_value":"0","group":"delimited","displayGroup":"fileFormat","displayOrdinal":120,"user_defined":false,"user_defined_for_external":false},{"name":"first_line_header","type":"boolean","label":"First line is header","description":"Indicates whether the row where reading starts is the header","descriptionHasLink":false,"required":false,"masked":false,"hidden":false,"readonly":false,"uiOnly":false,"multiline":false,"multichoice":false,"default_value":"false","group":"delimited","displayGroup":"fileFormat","displayOrdinal":35,"user_defined":false,"user_defined_for_external":false},{"name":"generate_unicode_columns","type":"boolean","label":"Generate unicode type columns","description":"Generate unicode type columns. This property can be set/is applicable only when runtime column propagation is used","descriptionHasLink":false,"required":false,"masked":false,"hidden":false,"readonly":false,"uiOnly":false,"multiline":false,"multichoice":false,"default_value":"false","displayGroup":"generalSource","displayOrdinal":0,"supported_products":["datastage_scapi"],"user_defined":false,"user_defined_for_external":false},{"name":"infer_as_varchar","type":"boolean","label":"Infer as VARCHAR","description":"Treat the data in all columns as VARCHARs","descriptionHasLink":false,"required":false,"masked":false,"hidden":false,"readonly":false,"uiOnly":false,"multiline":false,"multichoice":false,"default_value":"false","group":"general","displayGroup":"fileFormat","displayOrdinal":60,"supported_products":["catalog","cpd","datarefinery","dph","dv","dvaas_ga","mde","mdi","ml","studio"],"user_defined":false,"user_defined_for_external":false},{"name":"infer_null_as_empty_string","type":"boolean","label":"Infer null as empty string","description":"Treat empty values in string type columns as empty strings instead of null","descriptionHasLink":false,"required":false,"masked":false,"hidden":false,"readonly":false,"uiOnly":false,"multiline":false,"multichoice":false,"default_value":"false","group":"delimited","displayGroup":"fileFormat","displayOrdinal":130,"user_defined":false,"user_defined_for_external":false},{"name":"infer_record_count","type":"integer","label":"Infer record count","description":"The number of records to process to obtain the structure of the data","descriptionHasLink":false,"required":false,"masked":false,"hidden":false,"readonly":false,"uiOnly":false,"multiline":false,"multichoice":false,"default_value":"1000","group":"general","displayGroup":"fileFormat","displayOrdinal":50,"user_defined":false,"user_defined_for_external":false},{"name":"infer_schema","type":"boolean","label":"Infer schema","description":"Obtain the schema from the file","descriptionHasLink":false,"required":false,"masked":false,"hidden":false,"readonly":false,"uiOnly":false,"multiline":false,"multichoice":false,"default_value":"false","group":"general","displayGroup":"fileFormat","displayOrdinal":40,"supported_products":["catalog","cpd","datarefinery","dph","dv","dvaas_ga","mde","mdi","ml","studio"],"user_defined":false,"user_defined_for_external":false},{"name":"infer_timestamp_as_date","type":"boolean","label":"Infer TIMESTAMP as DATE","description":"Infer columns containing date and time data as date","descriptionHasLink":false,"required":false,"masked":false,"hidden":false,"readonly":false,"uiOnly":false,"multiline":false,"multichoice":false,"default_value":"true","group":"sav","displayGroup":"fileFormat","displayOrdinal":630,"user_defined":false,"user_defined_for_external":false},{"name":"invalid_data_handling","type":"enum","label":"Invalid data handling","description":"How to handle values that are not valid: fail the job, null the column, or drop the row","descriptionHasLink":false,"required":false,"masked":false,"hidden":false,"readonly":false,"uiOnly":false,"multiline":false,"multichoice":false,"default_value":"fail","values":[{"value":"column","label":"Column"},{"value":"fail","label":"Fail"},{"value":"row","label":"Row"}],"group":"general","displayGroup":"fileFormat","displayOrdinal":105,"user_defined":false,"user_defined_for_external":false},{"name":"json_infer_record_count","type":"integer","label":"Infer record count","description":"Deprecated. Use infer_record_count property. The number of JSON elements to process to obtain the structure of the data","descriptionHasLink":false,"required":false,"masked":false,"hidden":true,"readonly":false,"uiOnly":false,"multiline":false,"multichoice":false,"group":"json","displayGroup":"fileFormat","displayOrdinal":100,"user_defined":false,"user_defined_for_external":false},{"name":"json_path","type":"string","label":"JSON path","description":"The path that identifies the elements to retrieve from a JSON document, for example, $.book.publisher","descriptionHasLink":false,"required":false,"masked":false,"hidden":false,"readonly":false,"uiOnly":false,"multiline":false,"multichoice":false,"group":"json","displayGroup":"fileFormat","displayOrdinal":33,"user_defined":false,"user_defined_for_external":false},{"name":"labels_as_names","type":"boolean","label":"Labels as names","description":"Set column names to the value of the column label","descriptionHasLink":false,"required":false,"masked":false,"hidden":false,"readonly":false,"uiOnly":false,"multiline":false,"multichoice":false,"group":"sav","displayGroup":"fileFormat","displayOrdinal":640,"user_defined":false,"user_defined_for_external":false},{"name":"node_count","type":"integer","label":"Node count","description":"Node count","descriptionHasLink":false,"required":false,"masked":false,"hidden":true,"readonly":false,"uiOnly":false,"multiline":false,"multichoice":false,"default_value":"1","displayGroup":"generalSource","displayOrdinal":10,"supported_products":["datastage_scapi"],"user_defined":false,"user_defined_for_external":false},{"name":"node_number","type":"integer","label":"Node number","description":"Node number","descriptionHasLink":false,"required":false,"masked":false,"hidden":true,"readonly":false,"uiOnly":false,"multiline":false,"multichoice":false,"default_value":"0","displayGroup":"generalSource","displayOrdinal":20,"supported_products":["datastage_scapi"],"user_defined":false,"user_defined_for_external":false},{"name":"null_value","type":"string","label":"Null value","description":"The value that represents null (a missing value) in the file, for example, NULL","placeholder":"NULL","descriptionHasLink":false,"required":false,"masked":false,"hidden":false,"readonly":false,"uiOnly":false,"multiline":false,"multichoice":false,"group":"delimited","displayGroup":"dataFormats","displayOrdinal":450,"user_defined":false,"user_defined_for_external":false},{"name":"output_avro_as_json","type":"boolean","label":"Output as JSON","description":"Each row in the Avro file would be exported as JSON to a string column","descriptionHasLink":false,"required":false,"masked":false,"hidden":false,"readonly":false,"uiOnly":false,"multiline":false,"multichoice":false,"group":"avro","displayGroup":"fileFormat","displayOrdinal":1020,"supported_products":["datastage_scapi"],"user_defined":false,"user_defined_for_external":false},{"name":"partition_name_prefix","type":"string","label":"Partition name prefix","description":"The prefix in each partition name","descriptionHasLink":false,"required":false,"masked":false,"hidden":true,"readonly":false,"uiOnly":false,"multiline":false,"multichoice":false,"default_value":"part","group":"general","displayGroup":"generalSource","displayOrdinal":130,"user_defined":false,"user_defined_for_external":false},{"name":"quote_character","type":"enum","label":"Quote character","description":"The character that's used to enclose string values, for example, a double quotation mark","descriptionHasLink":false,"required":false,"masked":false,"hidden":false,"readonly":false,"uiOnly":false,"multiline":false,"multichoice":false,"default_value":"none","values":[{"value":"double_quote","label":"Double quotation mark"},{"value":"none","label":"None"},{"value":"single_quote","label":"Single quotation mark"}],"group":"delimited","displayGroup":"fileFormat","displayOrdinal":350,"user_defined":false,"user_defined_for_external":false},{"name":"range","type":"string","label":"Cell range","description":"The range of cells to retrieve from the Excel worksheet, for example, C1:F10","descriptionHasLink":false,"required":false,"masked":false,"hidden":false,"readonly":false,"uiOnly":false,"multiline":false,"multichoice":false,"group":"excel","displayGroup":"fileFormat","displayOrdinal":34,"user_defined":false,"user_defined_for_external":false},{"name":"read_mode","type":"enum","label":"Read mode","description":"The method for reading files","descriptionHasLink":false,"required":false,"masked":false,"hidden":false,"readonly":false,"uiOnly":false,"multiline":false,"multichoice":false,"default_value":"read_single","values":[{"value":"read_single","label":"Read a single file"},{"value":"read_raw","label":"Read binary data"},{"value":"read_raw_multiple_wildcard","label":"Read binary data from multiple files using wildcards"},{"value":"read_multiple_regex","label":"Read multiple files using regex expression"},{"value":"read_multiple_wildcard","label":"Read multiple files using wildcards"}],"group":"general","displayGroup":"generalSource","displayOrdinal":80,"user_defined":false,"user_defined_for_external":false},{"name":"row_delimiter","type":"enum","label":"Row delimiter","description":"The character or characters that separate one line from another, for example, CR/LF (Carriage Return/Line Feed)","descriptionHasLink":false,"required":false,"masked":false,"hidden":false,"readonly":false,"uiOnly":false,"multiline":false,"multichoice":false,"default_value":"new_line","values":[{"value":"<?>","label":"Any delimiter"},{"value":"new_line","label":"Any new line"},{"value":"carriage_return","label":"Carriage return"},{"value":"carriage_return_line_feed","label":"Carriage return & line feed"},{"value":"line_feed","label":"Line feed"}],"group":"delimited","displayGroup":"fileFormat","displayOrdinal":315,"user_defined":false,"user_defined_for_external":false},{"name":"row_delimiter_value","type":"string","label":"Row delimiter value","description":"The custom string that separates each rows from the next one.","descriptionHasLink":false,"required":true,"masked":false,"hidden":false,"readonly":false,"uiOnly":false,"multiline":false,"multichoice":false,"group":"delimited","displayGroup":"fileFormat","displayOrdinal":316,"user_defined":false,"user_defined_for_external":false},{"name":"row_limit","type":"integer","label":"Row limit","description":"The maximum number of rows to return","placeholder":"1000","descriptionHasLink":false,"required":false,"masked":false,"hidden":false,"readonly":false,"uiOnly":false,"multiline":false,"multichoice":false,"displayGroup":"limitsSource","displayOrdinal":10,"user_defined":false,"user_defined_for_external":false},{"name":"row_start","type":"integer","label":"Row start","description":"Indicates the offset from the row where reading starts to treat as the start of the data","descriptionHasLink":false,"required":false,"masked":false,"hidden":false,"readonly":false,"uiOnly":false,"multiline":false,"multichoice":false,"displayGroup":"limitsSource","displayOrdinal":15,"user_defined":false,"user_defined_for_external":false},{"name":"sheet_name","type":"string","label":"Worksheet name","description":"The name of the Excel worksheet to read from","descriptionHasLink":false,"required":false,"masked":false,"hidden":false,"readonly":false,"uiOnly":false,"multiline":false,"multichoice":false,"tags":["worksheet"],"group":"excel","displayGroup":"fileFormat","displayOrdinal":33,"user_defined":false,"user_defined_for_external":false},{"name":"table_folder_name","type":"string","label":"Endpoint folder","description":"The endpoint folder of the table","descriptionHasLink":false,"required":false,"masked":false,"hidden":false,"readonly":false,"uiOnly":false,"multiline":false,"multichoice":false,"tags":["file"],"group":"general","displayGroup":"fileFormat","displayOrdinal":20,"user_defined":false,"user_defined_for_external":false},{"name":"table_format","type":"enum","label":"Table format","description":"The format of the table","descriptionHasLink":false,"required":false,"masked":false,"hidden":false,"readonly":false,"uiOnly":false,"multiline":false,"multichoice":false,"values":[{"value":"deltalake","label":"Delta Lake"},{"value":"file","label":"Flat file"},{"value":"iceberg","label":"Iceberg"}],"group":"general","displayGroup":"generalSource","displayOrdinal":99,"user_defined":false,"user_defined_for_external":false},{"name":"table_name","type":"string","label":"Table name","description":"The name of the table","descriptionHasLink":false,"required":false,"masked":false,"hidden":false,"readonly":false,"uiOnly":false,"multiline":false,"multichoice":false,"tags":["file"],"group":"general","displayGroup":"fileFormat","displayOrdinal":40,"user_defined":false,"user_defined_for_external":false},{"name":"table_namespace","type":"string","label":"Table namespace","description":"The namespace of the table","descriptionHasLink":false,"required":false,"masked":false,"hidden":false,"readonly":false,"uiOnly":false,"multiline":false,"multichoice":false,"tags":["file"],"group":"general","displayGroup":"fileFormat","displayOrdinal":30,"user_defined":false,"user_defined_for_external":false},{"name":"time_format","type":"string","label":"Time format","description":"The format of time values, for example, HH:mm:ss[.f]","placeholder":"HH:mm:ss[.f]","descriptionHasLink":false,"required":false,"masked":false,"hidden":false,"readonly":false,"uiOnly":false,"multiline":false,"multichoice":false,"group":"delimited","displayGroup":"dataFormats","displayOrdinal":420,"user_defined":false,"user_defined_for_external":false},{"name":"time_zone_format","type":"string","label":"Timezone format","description":"The format of timezone values, for example, yyyy-MM-dd HH:mm:ss.SSS XXX","placeholder":"yyyy-MM-dd HH:mm:ss.SSS XXX","descriptionHasLink":false,"required":false,"masked":false,"hidden":true,"readonly":false,"uiOnly":false,"multiline":false,"multichoice":false,"group":"delimited","displayGroup":"dataFormats","displayOrdinal":440,"user_defined":false,"user_defined_for_external":false},{"name":"timestamp_format","type":"string","label":"Timestamp format","description":"The format of timestamp values, for example, yyyy-MM-dd H:m:s","placeholder":"yyyy-MM-dd H:m:s","descriptionHasLink":false,"required":false,"masked":false,"hidden":false,"readonly":false,"uiOnly":false,"multiline":false,"multichoice":false,"group":"delimited","displayGroup":"dataFormats","displayOrdinal":430,"user_defined":false,"user_defined_for_external":false},{"name":"type_mapping","type":"string","label":"Type mapping","description":"Overrides the data types of specified columns in the file's inferred schema, for example, inferredType1:newType1;inferredType2:newType2","descriptionHasLink":false,"required":false,"masked":false,"hidden":false,"readonly":false,"uiOnly":false,"multiline":false,"multichoice":false,"group":"general","displayGroup":"fileFormat","displayOrdinal":80,"user_defined":false,"user_defined_for_external":false},{"name":"use_4_digit_year","type":"boolean","label":"Use 4 digit years in date formats","description":"Whether to use 4 digit years in all date formats. By default, 2 digit years will be used.","descriptionHasLink":false,"required":false,"masked":false,"hidden":false,"readonly":false,"uiOnly":false,"multiline":false,"multichoice":false,"group":"excel","displayGroup":"fileFormat","displayOrdinal":45,"user_defined":false,"user_defined_for_external":false},{"name":"use_field_formats","type":"boolean","label":"Use field formats","description":"Format data using specified field formats","descriptionHasLink":false,"required":false,"masked":false,"hidden":false,"readonly":false,"uiOnly":false,"multiline":false,"multichoice":false,"group":"sav","displayGroup":"fileFormat","displayOrdinal":650,"user_defined":false,"user_defined_for_external":false},{"name":"use_sst_temp_file","type":"boolean","label":"Store shared strings in the temporary file","description":"Whether to store shared strings in the encrypted temporary file and trade memory usage for a disk space usage. Shared strings are stored in the memory by default, which can lead to memory issues when dealing with large workbooks. It is recommended to enable this option for a large XLSX files.","descriptionHasLink":false,"required":false,"masked":false,"hidden":false,"readonly":false,"uiOnly":false,"multiline":false,"multichoice":false,"group":"excel","displayGroup":"fileFormat","displayOrdinal":40,"user_defined":false,"user_defined_for_external":false},{"name":"use_variable_formats","type":"boolean","label":"Use variable formats","description":"Format data using specified variable formats.","descriptionHasLink":false,"required":false,"masked":false,"hidden":false,"readonly":false,"uiOnly":false,"multiline":false,"multichoice":false,"group":"sas","displayGroup":"fileFormat","displayOrdinal":800,"user_defined":false,"user_defined_for_external":false},{"name":"xml_path","type":"string","label":"XPath","description":"The path that identifies the root elements to retrieve from a XML document, for example, /book/publisher","descriptionHasLink":false,"required":false,"masked":false,"hidden":false,"readonly":false,"uiOnly":false,"multiline":false,"multichoice":false,"group":"xml","displayGroup":"fileFormat","displayOrdinal":33,"user_defined":false,"user_defined_for_external":false},{"name":"xml_path_fields","type":"string","label":"Fields XPath","description":"The path that identifies the specified elements to retrieve from the root path of a XML document, for example, ../publisher","descriptionHasLink":false,"required":false,"masked":false,"hidden":false,"readonly":false,"uiOnly":false,"multiline":false,"multichoice":false,"group":"xml","displayGroup":"fileFormat","displayOrdinal":34,"user_defined":false,"user_defined_for_external":false},{"name":"xml_schema","type":"string","label":"Schema of XML","description":"The schema that specified metadata information of elements, for example, data type, values, min, max","descriptionHasLink":false,"required":false,"masked":false,"hidden":false,"readonly":false,"uiOnly":false,"multiline":true,"multichoice":false,"group":"xml","displayGroup":"fileFormat","displayOrdinal":920,"user_defined":false,"user_defined_for_external":false}],"target":[{"name":"_java._heap_size","type":"integer","label":"Heap size","description":"Specify the maximum Java Virtual Machine heap size in megabytes.","descriptionHasLink":false,"required":false,"masked":false,"hidden":false,"readonly":false,"uiOnly":false,"multiline":false,"multichoice":false,"default_value":"256","displayGroup":"other","displayOrdinal":2147483647,"supported_products":["datastage_scapi"],"user_defined":false,"user_defined_for_external":false},{"name":"append_uid","type":"boolean","label":"Append unique identifier","description":"Use this property to choose if a unique identifier is to be appended to the file name. When the value of this property is set to yes, then the file name gets appended with the unique identifier, and a new file would be written for every wave of data that is streamed into the stage. When the value of this property is set to No, then the file would be overwritten on every wave.","descriptionHasLink":false,"required":false,"masked":false,"hidden":false,"readonly":false,"uiOnly":false,"multiline":false,"multichoice":false,"default_value":"false","group":"wavehandling","displayGroup":"wavehandlingTarget","displayOrdinal":300,"supported_products":["datastage"],"user_defined":false,"user_defined_for_external":false},{"name":"bucket","type":"string","label":"Bucket","description":"The name of the bucket that contains the files to write","descriptionHasLink":false,"required":false,"masked":false,"hidden":false,"readonly":false,"uiOnly":false,"multiline":false,"multichoice":false,"tags":["container"],"group":"os","displayGroup":"generalTarget","displayOrdinal":40,"user_defined":false,"user_defined_for_external":false},{"name":"codec_avro","type":"enum","label":"Compression codec","description":"The compression codec to use when writing","placeholder":"Choose a compression codec","descriptionHasLink":false,"required":false,"masked":false,"hidden":false,"readonly":false,"uiOnly":false,"multiline":false,"multichoice":false,"values":[{"value":"bzip2","label":"Bzip2"},{"value":"deflate","label":"Deflate"},{"value":"null","label":"None"},{"value":"snappy","label":"Snappy"}],"group":"avro","displayGroup":"fileFormat","displayOrdinal":15,"user_defined":false,"user_defined_for_external":false},{"name":"codec_csv","type":"enum","label":"Compression codec","description":"The compression codec to use when writing","placeholder":"Choose a compression codec","descriptionHasLink":false,"required":false,"masked":false,"hidden":false,"readonly":false,"uiOnly":false,"multiline":false,"multichoice":false,"values":[{"value":"gzip","label":"GZIP"},{"value":"uncompressed","label":"None"}],"group":"delimited","displayGroup":"fileFormat","displayOrdinal":18,"user_defined":false,"user_defined_for_external":false},{"name":"codec_delimited","type":"enum","label":"Compression codec","description":"The compression codec to use when writing","placeholder":"Choose a compression codec","descriptionHasLink":false,"required":false,"masked":false,"hidden":false,"readonly":false,"uiOnly":false,"multiline":false,"multichoice":false,"values":[{"value":"gzip","label":"GZIP"},{"value":"uncompressed","label":"None"}],"group":"delimited","displayGroup":"fileFormat","displayOrdinal":18,"user_defined":false,"user_defined_for_external":false},{"name":"codec_orc","type":"enum","label":"Compression codec","description":"The compression codec to use when writing","placeholder":"Choose a compression codec","descriptionHasLink":false,"required":false,"masked":false,"hidden":false,"readonly":false,"uiOnly":false,"multiline":false,"multichoice":false,"values":[{"value":"lz4","label":"LZ4"},{"value":"lzo","label":"LZO"},{"value":"none","label":"None"},{"value":"snappy","label":"Snappy"},{"value":"zlib","label":"ZLib"}],"group":"orc","displayGroup":"fileFormat","displayOrdinal":500,"user_defined":false,"user_defined_for_external":false},{"name":"codec_parquet","type":"enum","label":"Compression codec","description":"The compression codec to use when writing","placeholder":"Choose a compression codec","descriptionHasLink":false,"required":false,"masked":false,"hidden":false,"readonly":false,"uiOnly":false,"multiline":false,"multichoice":false,"values":[{"value":"gzip","label":"GZip"},{"value":"uncompressed","label":"None"},{"value":"snappy","label":"Snappy"}],"group":"parquet","displayGroup":"fileFormat","displayOrdinal":18,"user_defined":false,"user_defined_for_external":false},{"name":"create_bucket","type":"boolean","label":"Create bucket","description":"Create the bucket that contains the files to write to","descriptionHasLink":false,"required":false,"masked":false,"hidden":false,"readonly":false,"uiOnly":false,"multiline":false,"multichoice":false,"default_value":"false","group":"os","displayGroup":"generalTarget","displayOrdinal":50,"user_defined":false,"user_defined_for_external":false},{"name":"date_format","type":"string","label":"Date format","description":"The format of date values, for example, yyyy-[M]M-[d]d","placeholder":"yyyy-MM-dd","descriptionHasLink":false,"required":false,"masked":false,"hidden":false,"readonly":false,"uiOnly":false,"multiline":false,"multichoice":false,"group":"delimited","displayGroup":"dataFormats","displayOrdinal":410,"user_defined":false,"user_defined_for_external":false},{"name":"decimal_format","type":"string","label":"Decimal format","description":"The format of decimal values, for example, #,###.##","placeholder":"#,###.##","descriptionHasLink":false,"required":false,"masked":false,"hidden":false,"readonly":false,"uiOnly":false,"multiline":false,"multichoice":false,"group":"delimited","displayGroup":"dataFormats","displayOrdinal":380,"user_defined":false,"user_defined_for_external":false},{"name":"decimal_format_decimal_separator","type":"string","label":"Decimal separator","description":"The character used to separate the integer part from the fractional part of a number. This property and decimal grouping separator property must be unique. If you encounter error related to them not being unique when only one of them was provided then please provide the missing one explicitly.","placeholder":".","descriptionHasLink":false,"required":false,"masked":false,"hidden":false,"readonly":false,"uiOnly":false,"multiline":false,"multichoice":false,"group":"delimited","displayGroup":"dataFormats","displayOrdinal":390,"user_defined":false,"user_defined_for_external":false},{"name":"decimal_format_grouping_separator","type":"string","label":"Decimal grouping separator","description":"The character used to group digits of similar significance. This property and decimal separator property must be unique. If you encounter error related to them not being unique when only one of them was provided then please provide the missing one explicitly.","placeholder":",","descriptionHasLink":false,"required":false,"masked":false,"hidden":false,"readonly":false,"uiOnly":false,"multiline":false,"multichoice":false,"group":"delimited","displayGroup":"dataFormats","displayOrdinal":400,"user_defined":false,"user_defined_for_external":false},{"name":"delete_bucket","type":"boolean","label":"Delete bucket","description":"Delete the bucket","descriptionHasLink":false,"required":false,"masked":false,"hidden":true,"readonly":false,"uiOnly":false,"multiline":false,"multichoice":false,"default_value":"false","group":"os","displayGroup":"generalTarget","displayOrdinal":50,"user_defined":false,"user_defined_for_external":false},{"name":"encoding","type":"string","label":"Encoding","description":"The appropriate character encoding for your data, for example, UTF-8","descriptionHasLink":false,"required":false,"masked":false,"hidden":false,"readonly":false,"uiOnly":false,"multiline":false,"multichoice":false,"default_value":"utf-8","group":"delimited","displayGroup":"fileFormat","displayOrdinal":32,"user_defined":false,"user_defined_for_external":false},{"name":"encryption_key","type":"string","label":"Encryption key","description":"Key to decrypt sav file","descriptionHasLink":false,"required":false,"masked":true,"hidden":false,"readonly":false,"uiOnly":false,"multiline":false,"multichoice":false,"group":"sav","displayGroup":"fileFormat","displayOrdinal":600,"user_defined":false,"user_defined_for_external":false},{"name":"escape_character","type":"enum","label":"Escape character","description":"The character that's used to escape other characters, for example, a backslash. Escaping is a string technique that identifies characters as being part of a string value.","descriptionHasLink":false,"required":false,"masked":false,"hidden":false,"readonly":false,"uiOnly":false,"multiline":false,"multichoice":false,"default_value":"none","values":[{"value":"<?>","label":"Any character"},{"value":"backslash","label":"Backslash"},{"value":"double_quote","label":"Double quotation mark"},{"value":"none","label":"None"},{"value":"single_quote","label":"Single quotation mark"}],"group":"delimited","displayGroup":"fileFormat","displayOrdinal":360,"user_defined":false,"user_defined_for_external":false},{"name":"escape_character_value","type":"string","label":"Escape character value","description":"The custom character that is used to escape other characters.","descriptionHasLink":false,"required":true,"masked":false,"hidden":false,"readonly":false,"uiOnly":false,"multiline":false,"multichoice":false,"group":"delimited","displayGroup":"fileFormat","displayOrdinal":365,"user_defined":false,"user_defined_for_external":false},{"name":"field_delimiter","type":"enum","label":"Field delimiter","description":"The character that separates each value from the next value, for example, a comma","descriptionHasLink":false,"required":false,"masked":false,"hidden":false,"readonly":false,"uiOnly":false,"multiline":false,"multichoice":false,"default_value":"comma","values":[{"value":"<?>","label":"Any character"},{"value":"colon","label":"Colon"},{"value":"comma","label":"Comma"},{"value":"tab","label":"Tab"}],"group":"delimited","displayGroup":"fileFormat","displayOrdinal":320,"user_defined":false,"user_defined_for_external":false},{"name":"field_delimiter_value","type":"string","label":"Field delimiter value","description":"The custom character that separates each value from the next value","descriptionHasLink":false,"required":true,"masked":false,"hidden":false,"readonly":false,"uiOnly":false,"multiline":false,"multichoice":false,"group":"delimited","displayGroup":"fileFormat","displayOrdinal":325,"user_defined":false,"user_defined_for_external":false},{"name":"file_format","type":"enum","label":"File format","description":"The format of the file to write to","descriptionHasLink":false,"required":false,"masked":false,"hidden":false,"readonly":false,"uiOnly":false,"multiline":false,"multichoice":false,"default_value":"csv","values":[{"value":"avro","label":"Avro"},{"value":"csv","label":"CSV"},{"value":"delimited","label":"Delimited"},{"value":"excel","label":"Excel"},{"value":"json","label":"JSON"},{"value":"orc","label":"ORC"},{"value":"parquet","label":"Parquet"},{"value":"sav","label":"SAV"},{"value":"xml","label":"XML"}],"group":"general","displayGroup":"fileFormat","displayOrdinal":1,"user_defined":false,"user_defined_for_external":false},{"name":"file_name","type":"string","label":"File name","description":"The name of the file to write to or delete","descriptionHasLink":false,"required":false,"masked":false,"hidden":false,"readonly":false,"uiOnly":false,"multiline":false,"multichoice":false,"tags":["file"],"group":"general","displayGroup":"generalTarget","displayOrdinal":85,"user_defined":false,"user_defined_for_external":false},{"name":"file_size_threshold","type":"integer","label":"File size threshold","description":"Specify the threshold for the file size in megabytes. Processing nodes will start a new file each time the size exceeds the value specified in the threshold.","descriptionHasLink":false,"required":false,"masked":false,"hidden":false,"readonly":false,"uiOnly":false,"multiline":false,"multichoice":false,"default_value":"1","group":"wavehandling","displayGroup":"wavehandlingTarget","displayOrdinal":310,"supported_products":["datastage"],"user_defined":false,"user_defined_for_external":false},{"name":"first_line_header","type":"boolean","label":"First line is header","description":"Indicates whether the row where reading starts is the header","descriptionHasLink":false,"required":false,"masked":false,"hidden":false,"readonly":false,"uiOnly":false,"multiline":false,"multichoice":false,"default_value":"false","group":"delimited","displayGroup":"fileFormat","displayOrdinal":35,"user_defined":false,"user_defined_for_external":false},{"name":"include_types","type":"boolean","label":"Include types","description":"Include data types in the first line of the file","descriptionHasLink":false,"required":false,"masked":false,"hidden":false,"readonly":false,"uiOnly":false,"multiline":false,"multichoice":false,"default_value":"false","group":"delimited","displayGroup":"fileFormat","displayOrdinal":50,"user_defined":false,"user_defined_for_external":false},{"name":"names_as_labels","type":"boolean","label":"Names as labels","description":"Set column labels to the value of the column name","descriptionHasLink":false,"required":false,"masked":false,"hidden":false,"readonly":false,"uiOnly":false,"multiline":false,"multichoice":false,"group":"sav","displayGroup":"fileFormat","displayOrdinal":610,"user_defined":false,"user_defined_for_external":false},{"name":"node_count","type":"integer","label":"Node count","description":"Node count","descriptionHasLink":false,"required":false,"masked":false,"hidden":true,"readonly":false,"uiOnly":false,"multiline":false,"multichoice":false,"default_value":"1","displayGroup":"generalTarget","displayOrdinal":10,"supported_products":["datastage_scapi"],"user_defined":false,"user_defined_for_external":false},{"name":"node_number","type":"integer","label":"Node number","description":"Node number","descriptionHasLink":false,"required":false,"masked":false,"hidden":true,"readonly":false,"uiOnly":false,"multiline":false,"multichoice":false,"default_value":"0","displayGroup":"generalTarget","displayOrdinal":20,"supported_products":["datastage_scapi"],"user_defined":false,"user_defined_for_external":false},{"name":"null_value","type":"string","label":"Null value","description":"The value that represents null (a missing value) in the file, for example, NULL","placeholder":"NULL","descriptionHasLink":false,"required":false,"masked":false,"hidden":false,"readonly":false,"uiOnly":false,"multiline":false,"multichoice":false,"group":"delimited","displayGroup":"dataFormats","displayOrdinal":450,"user_defined":false,"user_defined_for_external":false},{"name":"partition_name_prefix","type":"string","label":"Partition name prefix","description":"The prefix in each partition name","descriptionHasLink":false,"required":false,"masked":false,"hidden":true,"readonly":false,"uiOnly":false,"multiline":false,"multichoice":false,"default_value":"part","group":"general","displayGroup":"generalTarget","displayOrdinal":310,"user_defined":false,"user_defined_for_external":false},{"name":"partitioned","type":"boolean","label":"Partitioned","description":"Write the file as multiple partitions","descriptionHasLink":false,"required":false,"masked":false,"hidden":false,"readonly":false,"uiOnly":false,"multiline":false,"multichoice":false,"default_value":"false","group":"general","displayGroup":"generalTarget","displayOrdinal":300,"user_defined":false,"user_defined_for_external":false},{"name":"quote_character","type":"enum","label":"Quote character","description":"The character that's used to enclose string values, for example, a double quotation mark","descriptionHasLink":false,"required":false,"masked":false,"hidden":false,"readonly":false,"uiOnly":false,"multiline":false,"multichoice":false,"default_value":"none","values":[{"value":"double_quote","label":"Double quotation mark"},{"value":"none","label":"None"},{"value":"single_quote","label":"Single quotation mark"}],"group":"delimited","displayGroup":"fileFormat","displayOrdinal":350,"user_defined":false,"user_defined_for_external":false},{"name":"quote_numerics","type":"boolean","label":"Quote numeric values","description":"Enclose numeric values the same as strings using the quote character","descriptionHasLink":false,"required":false,"masked":false,"hidden":false,"readonly":false,"uiOnly":false,"multiline":false,"multichoice":false,"default_value":"true","group":"delimited","displayGroup":"fileFormat","displayOrdinal":10,"user_defined":false,"user_defined_for_external":false},{"name":"row_delimiter","type":"enum","label":"Row delimiter","description":"The character or characters that separate one line from another, for example, CR/LF (Carriage Return/Line Feed)","descriptionHasLink":false,"required":false,"masked":false,"hidden":false,"readonly":false,"uiOnly":false,"multiline":false,"multichoice":false,"default_value":"new_line","values":[{"value":"<?>","label":"Any delimiter"},{"value":"new_line","label":"Any new line"},{"value":"carriage_return","label":"Carriage return"},{"value":"carriage_return_line_feed","label":"Carriage return & line feed"},{"value":"line_feed","label":"Line feed"}],"group":"delimited","displayGroup":"fileFormat","displayOrdinal":315,"user_defined":false,"user_defined_for_external":false},{"name":"row_delimiter_value","type":"string","label":"Row delimiter value","description":"The custom string that separates each rows from the next one.","descriptionHasLink":false,"required":true,"masked":false,"hidden":false,"readonly":false,"uiOnly":false,"multiline":false,"multichoice":false,"group":"delimited","displayGroup":"fileFormat","displayOrdinal":316,"user_defined":false,"user_defined_for_external":false},{"name":"sheet_name","type":"string","label":"Worksheet name","description":"The name of the Excel worksheet to write to","descriptionHasLink":false,"required":false,"masked":false,"hidden":false,"readonly":false,"uiOnly":false,"multiline":false,"multichoice":false,"group":"general","displayGroup":"generalTarget","displayOrdinal":86,"user_defined":false,"user_defined_for_external":false},{"name":"storage_class","type":"enum","label":"Storage class","description":"The storage class for the created bucket","descriptionHasLink":false,"required":false,"masked":false,"hidden":false,"readonly":false,"uiOnly":false,"multiline":false,"multichoice":false,"default_value":"standard","values":[{"value":"cold_vault","label":"Cold Vault"},{"value":"flex","label":"Flex"},{"value":"standard","label":"Standard"},{"value":"vault","label":"Vault"}],"group":"os","displayGroup":"generalTarget","displayOrdinal":60,"user_defined":false,"user_defined_for_external":false},{"name":"table_action","type":"enum","label":"Table action","description":"The action to take on the target table to handle the new data set","descriptionHasLink":false,"required":false,"masked":false,"hidden":false,"readonly":false,"uiOnly":false,"multiline":false,"multichoice":false,"default_value":"append","values":[{"value":"append","label":"Append"},{"value":"replace","label":"Replace"},{"value":"truncate","label":"Truncate"}],"displayGroup":"generalTarget","displayOrdinal":40,"user_defined":false,"user_defined_for_external":false},{"name":"table_data_file_compression_codec","type":"enum","label":"Compression codec","description":"The compression codec of table data file","descriptionHasLink":false,"required":false,"masked":false,"hidden":false,"readonly":false,"uiOnly":false,"multiline":false,"multichoice":false,"values":[{"value":"bzip2","label":"Bzip2"},{"value":"deflate","label":"Deflate"},{"value":"gzip","label":"GZip"},{"value":"lz4","label":"LZ4"},{"value":"lzo","label":"LZO"},{"value":"uncompressed","label":"None"},{"value":"snappy","label":"Snappy"},{"value":"zlib","label":"ZLib"}],"group":"general","displayGroup":"fileFormat","displayOrdinal":6,"user_defined":false,"user_defined_for_external":false},{"name":"table_data_file_format","type":"enum","label":"Table data file format","description":"The format of the table data file","descriptionHasLink":false,"required":false,"masked":false,"hidden":false,"readonly":false,"uiOnly":false,"multiline":false,"multichoice":false,"default_value":"avro","values":[{"value":"avro","label":"Avro"},{"value":"orc","label":"ORC"},{"value":"parquet","label":"Parquet"}],"group":"general","displayGroup":"fileFormat","displayOrdinal":5,"user_defined":false,"user_defined_for_external":false},{"name":"table_data_path","type":"string","label":"The data path","description":"The start path for storing files with data","descriptionHasLink":false,"required":false,"masked":false,"hidden":false,"readonly":false,"uiOnly":false,"multiline":false,"multichoice":false,"tags":["file"],"group":"general","displayGroup":"fileFormat","displayOrdinal":2,"user_defined":false,"user_defined_for_external":false},{"name":"table_folder_name","type":"string","label":"Endpoint folder","description":"The endpoint folder of the table","descriptionHasLink":false,"required":false,"masked":false,"hidden":false,"readonly":false,"uiOnly":false,"multiline":false,"multichoice":false,"tags":["file"],"group":"general","displayGroup":"fileFormat","displayOrdinal":2,"user_defined":false,"user_defined_for_external":false},{"name":"table_format","type":"enum","label":"Table format","description":"The format of the table","descriptionHasLink":false,"required":false,"masked":false,"hidden":false,"readonly":false,"uiOnly":false,"multiline":false,"multichoice":false,"values":[{"value":"deltalake","label":"Delta Lake"},{"value":"file","label":"Flat file"},{"value":"iceberg","label":"Iceberg"}],"group":"general","displayGroup":"generalTarget","displayOrdinal":84,"user_defined":false,"user_defined_for_external":false},{"name":"table_name","type":"string","label":"Table name","description":"The name of the table","descriptionHasLink":false,"required":false,"masked":false,"hidden":false,"readonly":false,"uiOnly":false,"multiline":false,"multichoice":false,"tags":["file"],"group":"general","displayGroup":"fileFormat","displayOrdinal":4,"user_defined":false,"user_defined_for_external":false},{"name":"table_namespace","type":"string","label":"Table namespace","description":"The namespace of the table","descriptionHasLink":false,"required":false,"masked":false,"hidden":false,"readonly":false,"uiOnly":false,"multiline":false,"multichoice":false,"tags":["file"],"group":"general","displayGroup":"fileFormat","displayOrdinal":3,"user_defined":false,"user_defined_for_external":false},{"name":"table_partition_cache_expiration","type":"string","label":"The cache expiration","description":"The eviction time for partition writers ","descriptionHasLink":false,"required":false,"masked":false,"hidden":true,"readonly":false,"uiOnly":false,"multiline":false,"multichoice":false,"group":"general","displayGroup":"fileFormat","displayOrdinal":330,"user_defined":false,"user_defined_for_external":false},{"name":"table_partition_cache_size","type":"integer","label":"The cache size","description":"The size of cache for partition writers","descriptionHasLink":false,"required":false,"masked":false,"hidden":true,"readonly":false,"uiOnly":false,"multiline":false,"multichoice":false,"group":"general","displayGroup":"fileFormat","displayOrdinal":320,"user_defined":false,"user_defined_for_external":false},{"name":"table_partition_columns","type":"string","label":"The partition columns ","description":"The columns for partitions","descriptionHasLink":false,"required":false,"masked":false,"hidden":false,"readonly":false,"uiOnly":false,"multiline":false,"multichoice":false,"group":"general","displayGroup":"fileFormat","displayOrdinal":310,"user_defined":false,"user_defined_for_external":false},{"name":"table_partition_path","type":"string","label":"The partition paths","description":"The path for partitioned data ","descriptionHasLink":false,"required":false,"masked":false,"hidden":true,"readonly":false,"uiOnly":false,"multiline":false,"multichoice":false,"group":"general","displayGroup":"fileFormat","displayOrdinal":310,"user_defined":false,"user_defined_for_external":false},{"name":"time_format","type":"string","label":"Time format","description":"The format of time values, for example, HH:mm:ss[.f]","placeholder":"HH:mm:ss[.f]","descriptionHasLink":false,"required":false,"masked":false,"hidden":false,"readonly":false,"uiOnly":false,"multiline":false,"multichoice":false,"group":"delimited","displayGroup":"dataFormats","displayOrdinal":420,"user_defined":false,"user_defined_for_external":false},{"name":"time_zone_format","type":"string","label":"Timezone format","description":"The format of timezone values, for example, yyyy-MM-dd HH:mm:ss.SSS XXX","placeholder":"yyyy-MM-dd HH:mm:ss.SSS XXX","descriptionHasLink":false,"required":false,"masked":false,"hidden":true,"readonly":false,"uiOnly":false,"multiline":false,"multichoice":false,"group":"delimited","displayGroup":"dataFormats","displayOrdinal":440,"user_defined":false,"user_defined_for_external":false},{"name":"timestamp_format","type":"string","label":"Timestamp format","description":"The format of timestamp values, for example, yyyy-MM-dd H:m:s","placeholder":"yyyy-MM-dd H:m:s","descriptionHasLink":false,"required":false,"masked":false,"hidden":false,"readonly":false,"uiOnly":false,"multiline":false,"multichoice":false,"group":"delimited","displayGroup":"dataFormats","displayOrdinal":430,"user_defined":false,"user_defined_for_external":false},{"name":"write_mode","type":"enum","label":"Write mode","description":"Whether to write to, or delete, the target","descriptionHasLink":false,"required":false,"masked":false,"hidden":false,"readonly":false,"uiOnly":false,"multiline":false,"multichoice":false,"default_value":"write","values":[{"value":"delete","label":"Delete","supported_products":["catalog","cpd","datastage","datastage_scapi","dph","dv","dvaas_ga","mde","mdi","ml","studio"]},{"value":"write","label":"Write"},{"value":"write_raw","label":"Write binary data","supported_products":["catalog","cpd","datastage","datastage_scapi","dph","dv","dvaas_ga","mde","mdi","ml","studio"]}],"group":"general","displayGroup":"generalTarget","displayOrdinal":1,"user_defined":false,"user_defined_for_external":false}]}}}
