{"metadata":{"asset_id":"e248e0b0-755a-4c7b-8dcb-cece94a6d500","asset_attributes":["data_asset","location_definition"],"name":"configured-watsonx-assistant-extension-openapi.json","asset_type":"data_asset","created_at":"2024-11-18T08:52:48Z","origin_country":"us","owner_id":"IBMid-6940001RPM","project_id":"fefb74f6-69de-4d31-aca0-618c44e19a6a","size":7435,"usage":{"last_update_time":1731919969141,"last_updated_at":"2024-11-18T08:52:49Z"}},"entity":{"data_asset":{"mime_type":"application/json","dataset":false},"location_definition":{"physical_location_code":"DAL","physical_location_code_assigned_by":"21963188-c456-4fa1-8a4b-07a1581bfb2c","physical_location_code_rds_id":"c57cb90f-2126-3800-9c9f-9eab82021cdf","physical_location_code_rds_version":"00002023-1204-4213-8354-399665000000_4","physical_location_code_assignment_method":"INFERRED","physical_location_code_added_on":"1712770824931"}},"attachments":[{"id":"02c1ab29-3ab2-45c7-a069-c7191f9bc30f","version":2,"asset_type":"data_asset","name":"configured-watsonx-assistant-extension-openapi.json","mime":"application/json","datasource_type":"193a97c1-4475-4a19-b90c-295c4fdc6517","object_key":"configured-watsonx-assistant-extension-openapi.json","creator_id":"iam-ServiceId-f49c5558-c247-4983-a04f-7d3c7a3d55da","create_time":1731919969048,"size":7435,"is_remote":false,"is_managed":false,"is_referenced":true,"is_object_key_read_only":true,"is_user_provided_path_key":true,"transfer_complete":true,"is_partitioned":false,"complete_time_ticks":1731919969048,"user_data":{},"test_doc":0,"handle":{"bucket":"ragdocumentsingestionelasticsearc-donotdelete-pr-z6kezus1imravt","location":"us-south","type":"bluemix_cos","key":"configured-watsonx-assistant-extension-openapi.json","upload_id":"done","max_part_num":1},"usage":{"access_count":0,"last_accessor_id":"iam-ServiceId-f49c5558-c247-4983-a04f-7d3c7a3d55da","last_access_time":1731919969048}}]}
