{"metadata":{"asset_id":"82a0c72d-3cb6-4fbe-8fb3-6ce002be6435","asset_attributes":["data_asset","directory_asset","location_definition"],"name":"conda.yml","asset_type":"data_asset","created_at":"2024-11-18T08:52:48Z","origin_country":"us","owner_id":"IBMid-6940001RPM","project_id":"fefb74f6-69de-4d31-aca0-618c44e19a6a","size":417,"usage":{"last_update_time":1731919969127,"last_updated_at":"2024-11-18T08:52:49Z"}},"entity":{"data_asset":{"mime_type":"application/x-yaml","dataset":false},"directory_asset":{"path":""},"location_definition":{"physical_location_code":"DAL","physical_location_code_assigned_by":"IBMid-550008WHPN","physical_location_code_rds_id":"c57cb90f-2126-3800-9c9f-9eab82021cdf","physical_location_code_rds_version":"00002023-1204-4213-8354-399665000000_4","physical_location_code_assignment_method":"INFERRED","physical_location_code_added_on":"1717173775233"}},"attachments":[{"id":"77b1564a-fb51-4f0b-b6aa-811631e99dde","version":2,"asset_type":"data_asset","name":"conda.yml","mime":"application/x-yaml","datasource_type":"193a97c1-4475-4a19-b90c-295c4fdc6517","object_key":"conda.yml","creator_id":"iam-ServiceId-f49c5558-c247-4983-a04f-7d3c7a3d55da","create_time":1731919969029,"size":417,"is_remote":false,"is_managed":false,"is_referenced":true,"is_object_key_read_only":true,"is_user_provided_path_key":true,"transfer_complete":true,"is_partitioned":false,"complete_time_ticks":1731919969029,"user_data":{},"test_doc":0,"handle":{"bucket":"ragdocumentsingestionelasticsearc-donotdelete-pr-z6kezus1imravt","location":"us-south","type":"bluemix_cos","key":"conda.yml","upload_id":"done","max_part_num":1},"usage":{"access_count":0,"last_accessor_id":"iam-ServiceId-f49c5558-c247-4983-a04f-7d3c7a3d55da","last_access_time":1731919969029}}]}
