{"metadata":{"asset_id":"7632e9ef-424f-40e7-b250-381f896c8311","asset_attributes":["data_asset","location_definition"],"name":"watsonx-assistant-actions.json","asset_type":"data_asset","created_at":"2024-11-18T08:52:48Z","origin_country":"us","owner_id":"IBMid-6940001RPM","project_id":"fefb74f6-69de-4d31-aca0-618c44e19a6a","size":26544,"usage":{"last_update_time":1731919969144,"last_updated_at":"2024-11-18T08:52:49Z"}},"entity":{"data_asset":{"mime_type":"application/json","dataset":false},"location_definition":{"physical_location_code":"DAL","physical_location_code_assigned_by":"IBMid-662003QWPT","physical_location_code_rds_id":"c57cb90f-2126-3800-9c9f-9eab82021cdf","physical_location_code_rds_version":"00002023-1204-4213-8354-399665000000_4","physical_location_code_assignment_method":"INFERRED","physical_location_code_added_on":"1705948637251"}},"attachments":[{"id":"302ce5d7-41d1-46a1-9d75-43ac6e24e461","version":2,"asset_type":"data_asset","name":"watsonx-assistant-actions.json","mime":"application/json","datasource_type":"193a97c1-4475-4a19-b90c-295c4fdc6517","object_key":"watsonx-assistant-actions.json","creator_id":"iam-ServiceId-f49c5558-c247-4983-a04f-7d3c7a3d55da","create_time":1731919969051,"size":26544,"is_remote":false,"is_managed":false,"is_referenced":true,"is_object_key_read_only":true,"is_user_provided_path_key":true,"transfer_complete":true,"is_partitioned":false,"complete_time_ticks":1731919969051,"user_data":{},"test_doc":0,"handle":{"bucket":"ragdocumentsingestionelasticsearc-donotdelete-pr-z6kezus1imravt","location":"us-south","type":"bluemix_cos","key":"watsonx-assistant-actions.json","upload_id":"done","max_part_num":1},"usage":{"access_count":0,"last_accessor_id":"iam-ServiceId-f49c5558-c247-4983-a04f-7d3c7a3d55da","last_access_time":1731919969051}}]}
