{"metadata":{"asset_id":"d239569a-d39e-475f-b1f9-938868356c15","asset_attributes":["environment"],"name":"Notebook Environment","asset_type":"environment","created_at":"2024-11-18T08:52:49Z","description":"Environment with necessary imports to run notebooks and import utils.py","origin_country":"us","owner_id":"IBMid-6940001RPM","project_id":"fefb74f6-69de-4d31-aca0-618c44e19a6a","sandbox_id":"fefb74f6-69de-4d31-aca0-618c44e19a6a","size":0,"tags":["dsx"],"usage":{"last_update_time":1731919969412,"last_updated_at":"2024-11-18T08:52:49Z"}},"entity":{"environment":{"sub_type":"notebook","display_name":"Notebook Environment","hardware_specification":{"type":"referenced","guid":"aa73675e-8f37-446d-b950-2120b8d79344"},"software_specification":{"type":"referenced","guid":"ed370cc0-125c-49d9-89b9-b6762247330e"},"tools_specification":{"supported_kernels":[{"name":"python3","display_name":"Python 3.10","language":"python","version":"3.10"}],"notebook_extensions":[]}}}}
