{"metadata":{"asset_id":"aa73675e-8f37-446d-b950-2120b8d79344","asset_attributes":["hardware_specification"],"name":"file_ingestion_env","asset_type":"hardware_specification","created_at":"2024-11-18T08:52:48Z","description":"","origin_country":"us","owner_id":"IBMid-6940001RPM","project_id":"fefb74f6-69de-4d31-aca0-618c44e19a6a","sandbox_id":"fefb74f6-69de-4d31-aca0-618c44e19a6a","size":0,"tags":["dsx"],"usage":{"last_update_time":1731919968740,"last_updated_at":"2024-11-18T08:52:48Z"}},"entity":{"hardware_specification":{"nodes":{"cpu":{"units":"2","model":""},"mem":{"size":"8Gi"}}}}}
