{"metadata":{"asset_id":"fa35ab60-4c25-46fc-8cbe-fe95c8c60ae2","asset_attributes":["notebook"],"name":"2-deploy-rag-function-in-wml","asset_type":"notebook","created_at":"2024-11-18T08:52:50Z","description":"","origin_country":"us","owner_id":"IBMid-6940001RPM","project_id":"fefb74f6-69de-4d31-aca0-618c44e19a6a","size":21891,"tags":["notebook"],"usage":{"last_update_time":1731919972208,"last_updated_at":"2024-11-18T08:52:52Z"}},"entity":{"notebook":{"kernel":{"name":"python3","display_name":"Python 3.10","language":"python"},"originates_from":{"type":"file"},"runtime":{"environment":"d239569a-d39e-475f-b1f9-938868356c15"}},"location_definition":{"physical_location_code":"DAL","physical_location_code_assigned_by":"IBMid-6940001RPM","physical_location_code_rds_id":"c57cb90f-2126-3800-9c9f-9eab82021cdf","physical_location_code_rds_version":"00002024-0523-4140-8221-710412000000_4","physical_location_code_assignment_method":"INFERRED","physical_location_code_added_on":"1731919958489"}},"attachments":[{"id":"54b69344-735f-490f-afdc-fb90c6a4bde9","version":2,"asset_type":"notebook","name":"attachment for notebook fa35ab60-4c25-46fc-8cbe-fe95c8c60ae2","description":"attachment for notebook fa35ab60-4c25-46fc-8cbe-fe95c8c60ae2","mime":"application/json","datasource_type":"193a97c1-4475-4a19-b90c-295c4fdc6517","object_key":"notebook/2-deploy-rag-function-in-wml_gTFuDk1h3.ipynb","creator_id":"IBMid-6940001RPM","create_time":1731919970487,"size":21891,"is_remote":false,"is_managed":false,"is_referenced":true,"is_object_key_read_only":false,"is_user_provided_path_key":true,"transfer_complete":true,"is_partitioned":false,"complete_time_ticks":1731919970487,"user_data":{},"test_doc":0,"handle":{"bucket":"ragdocumentsingestionelasticsearc-donotdelete-pr-z6kezus1imravt","location":"us-south","type":"bluemix_cos","key":"notebook/2-deploy-rag-function-in-wml_gTFuDk1h3.ipynb","upload_id":"done","max_part_num":1},"usage":{"access_count":0,"last_accessor_id":"IBMid-6940001RPM","last_access_time":1731919970487}}]}
