{"metadata":{"asset_id":"4035ccd5-808e-4d61-8753-2a876356f063","asset_attributes":["notebook"],"name":"1-file-ingestion-from-cos","asset_type":"notebook","created_at":"2024-11-18T08:52:50Z","description":"","origin_country":"us","owner_id":"IBMid-6940001RPM","project_id":"fefb74f6-69de-4d31-aca0-618c44e19a6a","size":17828,"tags":["notebook"],"usage":{"last_update_time":1731922780181,"last_updated_at":"2024-11-18T09:39:40Z"}},"entity":{"notebook":{"kernel":{"name":"python3","display_name":"Python 3.10","language":"python"},"originates_from":{"type":"file"},"runtime":{"environment":"d239569a-d39e-475f-b1f9-938868356c15"}},"location_definition":{"physical_location_code":"DAL","physical_location_code_assigned_by":"IBMid-6940001RPM","physical_location_code_rds_id":"c57cb90f-2126-3800-9c9f-9eab82021cdf","physical_location_code_rds_version":"00002024-0523-4140-8221-710412000000_4","physical_location_code_assignment_method":"INFERRED","physical_location_code_added_on":"1731919958489"}},"attachments":[{"id":"e42e33b6-642e-47b5-ac4a-b92e7691c713","version":2,"asset_type":"notebook","name":"attachment for notebook 4035ccd5-808e-4d61-8753-2a876356f063","description":"attachment for notebook 4035ccd5-808e-4d61-8753-2a876356f063","mime":"application/json","datasource_type":"193a97c1-4475-4a19-b90c-295c4fdc6517","object_key":"notebook/1-file-ingestion-from-cos_7gtelJT0D.ipynb","creator_id":"IBMid-6940001RPM","create_time":1731919970569,"size":17828,"is_remote":false,"is_managed":false,"is_referenced":true,"is_object_key_read_only":false,"is_user_provided_path_key":true,"transfer_complete":true,"is_partitioned":false,"complete_time_ticks":1731919970569,"user_data":{},"test_doc":0,"handle":{"bucket":"ragdocumentsingestionelasticsearc-donotdelete-pr-z6kezus1imravt","location":"us-south","type":"bluemix_cos","key":"notebook/1-file-ingestion-from-cos_7gtelJT0D.ipynb","upload_id":"done","max_part_num":1},"usage":{"access_count":1,"last_accessor_id":"IBMid-6940001RPM","last_access_time":1731922780180,"last_updater_id":"IBMid-6940001RPM","last_update_time":1731922780180}}]}
