{"metadata":{"asset_id":"981d6039-014f-4ebe-b171-68337a22a810","asset_attributes":["notebook"],"name":"3-test-rag-deployment","asset_type":"notebook","created_at":"2024-11-18T08:52:50Z","description":"","origin_country":"us","owner_id":"IBMid-6940001RPM","project_id":"fefb74f6-69de-4d31-aca0-618c44e19a6a","size":3725,"tags":["notebook"],"usage":{"last_update_time":1731919972562,"last_updated_at":"2024-11-18T08:52:52Z"}},"entity":{"notebook":{"kernel":{"name":"python3","display_name":"Python 3.10","language":"python"},"originates_from":{"type":"file"},"runtime":{"environment":"d239569a-d39e-475f-b1f9-938868356c15"}},"location_definition":{"physical_location_code":"DAL","physical_location_code_assigned_by":"IBMid-6940001RPM","physical_location_code_rds_id":"c57cb90f-2126-3800-9c9f-9eab82021cdf","physical_location_code_rds_version":"00002024-0523-4140-8221-710412000000_4","physical_location_code_assignment_method":"INFERRED","physical_location_code_added_on":"1731919958489"}},"attachments":[{"id":"c7ab424e-0366-42ae-9039-9641867672b7","version":2,"asset_type":"notebook","name":"attachment for notebook 981d6039-014f-4ebe-b171-68337a22a810","description":"attachment for notebook 981d6039-014f-4ebe-b171-68337a22a810","mime":"application/json","datasource_type":"193a97c1-4475-4a19-b90c-295c4fdc6517","object_key":"notebook/3-test-rag-deployment_CccyrQyGE.ipynb","creator_id":"IBMid-6940001RPM","create_time":1731919970543,"size":3725,"is_remote":false,"is_managed":false,"is_referenced":true,"is_object_key_read_only":false,"is_user_provided_path_key":true,"transfer_complete":true,"is_partitioned":false,"complete_time_ticks":1731919970543,"user_data":{},"test_doc":0,"handle":{"bucket":"ragdocumentsingestionelasticsearc-donotdelete-pr-z6kezus1imravt","location":"us-south","type":"bluemix_cos","key":"notebook/3-test-rag-deployment_CccyrQyGE.ipynb","upload_id":"done","max_part_num":1},"usage":{"access_count":0,"last_accessor_id":"IBMid-6940001RPM","last_access_time":1731919970543}}]}
