{"metadata":{"asset_id":"ed370cc0-125c-49d9-89b9-b6762247330e","asset_attributes":["software_specification"],"name":"Notebook Environment","asset_type":"software_specification","created_at":"2024-11-18T08:52:48Z","description":"","origin_country":"us","owner_id":"IBMid-6940001RPM","project_id":"fefb74f6-69de-4d31-aca0-618c44e19a6a","sandbox_id":"fefb74f6-69de-4d31-aca0-618c44e19a6a","size":0,"tags":["dsx"],"usage":{"last_update_time":1731919968755,"last_updated_at":"2024-11-18T08:52:48Z"}},"entity":{"software_specification":{"type":"derived","display_name":"Notebook Environment","base_software_specification":{"guid":"336b29df-e0e1-5e7d-b6a5-f6ab722625b2","href":"/v2/software_specifications/336b29df-e0e1-5e7d-b6a5-f6ab722625b2"},"package_extensions":[{"guid":"98372a87-f564-4ef9-8859-e34e17d0ec74","href":"/v2/package_extensions/98372a87-f564-4ef9-8859-e34e17d0ec74"}]}}}
